Name;Type;RA;Dec;Const;MajAx;MinAx;PosAng;B-Mag;V-Mag;J-Mag;H-Mag;K-Mag;SurfBr;Hubble;Pax;Pm-RA;Pm-Dec;RadVel;Redshift;Cstar U-Mag;Cstar B-Mag;Cstar V-Mag;M;NGC;IC;Cstar Names;Identifiers;Common names
LDN 1;DrkN;16:28:51.46;-16:06:33.8;Oph;13.9;;;;;;;;;;;;;;;;;;;;;;;
LDN 2;DrkN;18:07:14.71;-31:29:35.5;Sgr;66.8;;;;;;;;;;;;;;;;;;;;;;;
LDN 3;DrkN;18:03:13.92;-30:59:52.8;Sgr;142.0;;;;;;;;;;;;;;;;;;;;;;;
LDN 4;DrkN;17:02:30.12;-22:12:15.1;Oph;3.8;;;;;;;;;;;;;;;;;;;;;;;
LDN 5;DrkN;17:16:15.50;-24:25:16.7;Oph;6.6;;;;;;;;;;;;;;;;;;;;;;;
LDN 6;DrkN;17:09:01.68;-23:13:47.6;Oph;13.7;;;;;;;;;;;;;;;;;;;;;;;
LDN 7;DrkN;17:28:36.43;-26:17:23.6;Oph;11.4;;;;;;;;;;;;;;;;;;;;;;;
LDN 8;DrkN;16:46:25.82;-19:15:22.3;Oph;17.4;;;;;;;;;;;;;;;;;;;;;;;
LDN 9;DrkN;17:10:01.70;-23:13:43.3;Oph;15.9;;;;;;;;;;;;;;;;;;;;;;;
LDN 10;DrkN;17:57:48.50;-30:06:16.6;Sco;3.3;;;;;;;;;;;;;;;;;;;;;;;
LDN 11;DrkN;17:08:07.20;-22:53:51.4;Oph;6.6;;;;;;;;;;;;;;;;;;;;;;;
LDN 12;DrkN;17:58:12.55;-30:07:14.9;Sgr;3.3;;;;;;;;;;;;;;;;;;;;;;;
LDN 13;DrkN;17:04:00.12;-22:10:08.8;Oph;6.6;;;;;;;;;;;;;;;;;;;;;;;
LDN 14;DrkN;17:25:05.28;-25:32:38.8;Oph;8.5;;;;;;;;;;;;;;;;;;;;;;;
LDN 15;DrkN;17:04:24.12;-22:10:07.0;Oph;12.4;;;;;;;;;;;;;;;;;;;;;;;
LDN 16;DrkN;17:16:02.98;-24:03:17.6;Oph;20.8;;;;;;;;;;;;;;;;;;;;;;;
LDN 17;DrkN;17:08:00.98;-22:43:52.0;Oph;38.1;;;;;;;;;;;;;;;;;;;;;;;
LDN 18;DrkN;17:09:01.22;-22:53:47.4;Oph;6.0;;;;;;;;;;;;;;;;;;;;;;;
LDN 19;DrkN;17:29:06.07;-26:02:21.5;Oph;48.1;;;;;;;;;;;;;;;;;;;;;;;
LDN 20;DrkN;17:08:30.98;-22:43:49.8;Oph;13.0;;;;;;;;;;;;;;;;;;;;;;;
LDN 21;DrkN;17:29:05.93;-25:56:21.5;Oph;9.1;;;;;;;;;;;;;;;;;;;;;;;
LDN 22;DrkN;16:46:55.44;-18:55:20.3;Oph;31.7;;;;;;;;;;;;;;;;;;;;;;;
LDN 23;DrkN;17:17:14.90;-23:58:12.4;Oph;2.7;;;;;;;;;;;;;;;;;;;;;;;
LDN 24;DrkN;17:17:32.98;-24:01:11.3;Oph;3.8;;;;;;;;;;;;;;;;;;;;;;;
LDN 25;DrkN;17:32:30.36;-26:11:06.7;Oph;5.0;;;;;;;;;;;;;;;;;;;;;;;
LDN 26;DrkN;18:05:13.13;-30:29:44.2;Sgr;11.1;;;;;;;;;;;;;;;;;;;;;;;
LDN 27;DrkN;16:27:50.28;-15:06:37.8;Oph;111.6;;;;;;;;;;;;;;;;;;;;;;;
LDN 28;DrkN;17:19:03.05;-24:03:04.7;Oph;89.4;;;;;;;;;;;;;;;;;;;;;;;
LDN 29;DrkN;18:06:49.34;-30:37:37.2;Sgr;10.4;;;;;;;;;;;;;;;;;;;;;;;
LDN 30;DrkN;17:13:01.56;-23:03:30.6;Oph;27.8;;;;;;;;;;;;;;;;;;;;;;;
LDN 31;DrkN;16:49:55.73;-19:05:07.8;Oph;8.9;;;;;;;;;;;;;;;;;;;;;;;
LDN 32;DrkN;17:11:00.94;-22:38:39.1;Oph;20.0;;;;;;;;;;;;;;;;;;;;;;;
LDN 33;DrkN;16:41:23.42;-17:25:43.0;Oph;33.5;;;;;;;;;;;;;;;;;;;;;;;
LDN 34;DrkN;17:48:09.26;-28:00:58.7;Sgr;300.0;;;;;;;;;;;;;;;;;;;;;;;
LDN 35;DrkN;17:56:28.92;-29:04:22.4;Sgr;8.5;;;;;;;;;;;;;;;;;;;;;;;
LDN 36;DrkN;17:28:40.90;-25:12:23.0;Oph;3.8;;;;;;;;;;;;;;;;;;;;;;;
LDN 37;DrkN;17:20:02.86;-23:53:00.2;Oph;7.1;;;;;;;;;;;;;;;;;;;;;;;
LDN 38;DrkN;17:11:18.72;-22:28:37.6;Oph;5.4;;;;;;;;;;;;;;;;;;;;;;;
LDN 39;DrkN;17:11:36.77;-22:29:36.6;Oph;7.8;;;;;;;;;;;;;;;;;;;;;;;
LDN 40;DrkN;17:57:10.92;-29:04:19.2;Sgr;10.2;;;;;;;;;;;;;;;;;;;;;;;
LDN 41;DrkN;18:05:12.36;-29:59:44.2;Sgr;5.7;;;;;;;;;;;;;;;;;;;;;;;
LDN 42;DrkN;17:33:05.66;-25:42:04.0;Oph;72.2;;;;;;;;;;;;;;;;;;;;;;;
LDN 43;DrkN;16:34:27.34;-15:50:11.4;Oph;15.9;;;;;;;;;;;;;;;;;;;;;;;
LDN 44;DrkN;17:20:02.62;-23:43:00.5;Oph;11.4;;;;;;;;;;;;;;;;;;;;;;;
LDN 45;DrkN;17:31:05.16;-25:22:12.7;Oph;35.4;;;;;;;;;;;;;;;;;;;;;;;
LDN 46;DrkN;17:13:00.89;-22:33:30.6;Oph;35.4;;;;;;;;;;;;;;;;;;;;;;;
LDN 47;DrkN;16:49:55.10;-18:35:07.8;Oph;31.7;;;;;;;;;;;;;;;;;;;;;;;
LDN 48;DrkN;17:58:10.82;-29:00:14.8;Sgr;148.7;;;;;;;;;;;;;;;;;;;;;;;
LDN 49;DrkN;18:02:11.59;-29:29:57.5;Sgr;61.2;;;;;;;;;;;;;;;;;;;;;;;
LDN 50;DrkN;17:25:03.65;-24:22:38.6;Oph;8.0;;;;;;;;;;;;;;;;;;;;;;;
LDN 51;DrkN;17:12:36.58;-22:20:32.3;Oph;11.1;;;;;;;;;;;;;;;;;;;;;;;
LDN 52;DrkN;17:32:11.16;-25:21:07.9;Oph;4.6;;;;;;;;;;;;;;;;;;;;;;;
LDN 53;DrkN;17:23:08.98;-23:54:47.2;Oph;1.9;;;;;;;;;;;;;;;;;;;;;;;
LDN 54;DrkN;17:23:33.05;-23:57:45.4;Oph;2.7;;;;;;;;;;;;;;;;;;;;;;;
LDN 55;DrkN;17:23:02.93;-23:52:47.6;Oph;3.3;;;;;;;;;;;;;;;;;;;;;;;
LDN 56;DrkN;17:15:00.94;-22:33:22.0;Oph;40.8;;;;;;;;;;;;;;;;;;;;;;;
LDN 57;DrkN;17:22:38.71;-23:43:49.1;Oph;3.3;;;;;;;;;;;;;;;;;;;;;;;
LDN 58;DrkN;17:30:28.51;-24:55:15.2;Oph;3.8;;;;;;;;;;;;;;;;;;;;;;;
LDN 59;DrkN;17:20:38.18;-23:22:57.7;Oph;5.0;;;;;;;;;;;;;;;;;;;;;;;
LDN 60;DrkN;17:12:00.07;-21:58:34.7;Oph;11.2;;;;;;;;;;;;;;;;;;;;;;;
LDN 61;DrkN;17:31:22.54;-24:55:11.6;Oph;5.4;;;;;;;;;;;;;;;;;;;;;;;
LDN 62;DrkN;16:49:54.50;-18:05:07.8;Oph;79.1;;;;;;;;;;;;;;;;;;;;;;;
LDN 63;DrkN;16:49:54.50;-18:05:07.8;Oph;11.5;;;;;;;;;;;;;;;;;;;;;;;
LDN 64;DrkN;17:40:06.24;-26:01:33.6;Oph;59.8;;;;;;;;;;;;;;;;;;;;;;;
LDN 65;DrkN;17:13:-0.00;-21:53:30.5;Oph;17.8;;;;;;;;;;;;;;;;;;;;;;;
LDN 66;DrkN;17:24:02.47;-23:32:43.1;Oph;5.7;;;;;;;;;;;;;;;;;;;;;;;
LDN 67;DrkN;17:14:00.02;-21:53:26.2;Oph;17.8;;;;;;;;;;;;;;;;;;;;;;;
LDN 68;DrkN;18:07:05.38;-29:21:36.0;Sgr;4.6;;;;;;;;;;;;;;;;;;;;;;;
LDN 69;DrkN;17:28:03.24;-24:02:25.8;Oph;88.8;;;;;;;;;;;;;;;;;;;;;;;
LDN 70;DrkN;17:25:02.50;-23:32:38.8;Oph;6.0;;;;;;;;;;;;;;;;;;;;;;;
LDN 71;DrkN;17:13:59.81;-21:43:26.4;Oph;22.6;;;;;;;;;;;;;;;;;;;;;;;
LDN 72;DrkN;17:20:01.03;-22:33:00.4;Oph;33.3;;;;;;;;;;;;;;;;;;;;;;;
LDN 73;DrkN;17:31:03.53;-24:12:13.0;Oph;31.6;;;;;;;;;;;;;;;;;;;;;;;
LDN 74;DrkN;17:38:05.04;-25:11:42.4;Oph;11.7;;;;;;;;;;;;;;;;;;;;;;;
LDN 75;DrkN;18:08:11.06;-29:09:31.3;Sgr;15.6;;;;;;;;;;;;;;;;;;;;;;;
LDN 76;DrkN;17:37:04.78;-25:01:46.9;Oph;43.7;;;;;;;;;;;;;;;;;;;;;;;
LDN 77;DrkN;17:19:00.62;-22:15:04.7;Oph;4.2;;;;;;;;;;;;;;;;;;;;;;;
LDN 78;DrkN;18:01:09.58;-28:11:01.7;Sgr;1.9;;;;;;;;;;;;;;;;;;;;;;;
LDN 79;DrkN;17:14:59.50;-21:28:22.1;Oph;32.9;;;;;;;;;;;;;;;;;;;;;;;
LDN 80;DrkN;17:39:04.92;-25:06:38.2;Oph;4.2;;;;;;;;;;;;;;;;;;;;;;;
LDN 81;DrkN;17:25:01.78;-23:00:38.9;Oph;5.7;;;;;;;;;;;;;;;;;;;;;;;
LDN 82;DrkN;17:46:06.31;-26:01:07.7;Sgr;90.2;;;;;;;;;;;;;;;;;;;;;;;
LDN 83;DrkN;16:34:19.51;-14:16:11.6;Oph;14.2;;;;;;;;;;;;;;;;;;;;;;;
LDN 84;DrkN;17:36:04.08;-24:31:51.2;Oph;34.4;;;;;;;;;;;;;;;;;;;;;;;
LDN 85;DrkN;17:26:01.80;-23:00:34.6;Oph;11.4;;;;;;;;;;;;;;;;;;;;;;;
LDN 86;DrkN;17:21:00.62;-22:12:56.2;Oph;15.1;;;;;;;;;;;;;;;;;;;;;;;
LDN 87;DrkN;17:18:36.00;-21:48:06.5;Oph;1.9;;;;;;;;;;;;;;;;;;;;;;;
LDN 88;DrkN;17:20:30.38;-22:02:58.2;Oph;9.9;;;;;;;;;;;;;;;;;;;;;;;
LDN 89;DrkN;17:18:29.88;-21:42:06.8;Oph;4.2;;;;;;;;;;;;;;;;;;;;;;;
LDN 90;DrkN;17:39:34.58;-24:51:36.0;Oph;11.4;;;;;;;;;;;;;;;;;;;;;;;
LDN 91;DrkN;17:23:31.01;-22:27:45.4;Oph;7.6;;;;;;;;;;;;;;;;;;;;;;;
LDN 92;DrkN;17:18:59.90;-21:43:04.8;Oph;4.2;;;;;;;;;;;;;;;;;;;;;;;
LDN 93;DrkN;18:02:45.07;-27:49:54.8;Sgr;5.0;;;;;;;;;;;;;;;;;;;;;;;
LDN 94;DrkN;17:20:-0.00;-21:46:00.5;Oph;12.1;;;;;;;;;;;;;;;;;;;;;;;
LDN 95;DrkN;17:19:59.88;-21:41:00.6;Oph;6.0;;;;;;;;;;;;;;;;;;;;;;;
LDN 96;DrkN;18:08:09.79;-28:19:31.1;Sgr;10.4;;;;;;;;;;;;;;;;;;;;;;;
LDN 97;DrkN;18:07:21.58;-28:10:34.7;Sgr;6.3;;;;;;;;;;;;;;;;;;;;;;;
LDN 98;DrkN;16:35:49.18;-13:57:05.8;Oph;6.3;;;;;;;;;;;;;;;;;;;;;;;
LDN 99;DrkN;17:18:59.47;-21:23:04.9;Oph;18.0;;;;;;;;;;;;;;;;;;;;;;;
LDN 100;DrkN;17:15:58.75;-20:53:17.5;Oph;16.4;;;;;;;;;;;;;;;;;;;;;;;
LDN 101;DrkN;17:21:48.07;-21:47:52.8;Oph;2.7;;;;;;;;;;;;;;;;;;;;;;;
LDN 102;DrkN;17:22:30.19;-21:52:49.8;Oph;11.2;;;;;;;;;;;;;;;;;;;;;;;
LDN 103;DrkN;17:21:29.95;-21:42:54.0;Oph;5.7;;;;;;;;;;;;;;;;;;;;;;;
LDN 104;DrkN;17:15:58.63;-20:48:17.6;Oph;8.3;;;;;;;;;;;;;;;;;;;;;;;
LDN 105;DrkN;16:36:25.20;-13:57:03.2;Oph;1.9;;;;;;;;;;;;;;;;;;;;;;;
LDN 106;DrkN;16:36:43.20;-13:57:01.8;Oph;1.9;;;;;;;;;;;;;;;;;;;;;;;
LDN 107;DrkN;17:26:00.82;-22:17:34.4;Oph;9.1;;;;;;;;;;;;;;;;;;;;;;;
LDN 108;DrkN;18:10:09.77;-28:19:22.4;Sgr;3.3;;;;;;;;;;;;;;;;;;;;;;;
LDN 109;DrkN;17:39:03.53;-24:06:38.2;Oph;5.0;;;;;;;;;;;;;;;;;;;;;;;
LDN 110;DrkN;16:49:52.08;-16:05:07.8;Oph;35.7;;;;;;;;;;;;;;;;;;;;;;;
LDN 111;DrkN;17:15:10.03;-20:21:21.2;Oph;5.0;;;;;;;;;;;;;;;;;;;;;;;
LDN 112;DrkN;17:25:00.24;-21:52:39.0;Oph;11.1;;;;;;;;;;;;;;;;;;;;;;;
LDN 113;DrkN;17:38:33.17;-23:51:40.3;Oph;12.1;;;;;;;;;;;;;;;;;;;;;;;
LDN 114;DrkN;17:40:03.43;-24:01:33.6;Oph;42.3;;;;;;;;;;;;;;;;;;;;;;;
LDN 115;DrkN;16:53:52.87;-16:39:51.1;Oph;22.6;;;;;;;;;;;;;;;;;;;;;;;
LDN 116;DrkN;18:06:32.54;-27:29:38.4;Sgr;2.7;;;;;;;;;;;;;;;;;;;;;;;
LDN 117;DrkN;17:25:00.02;-21:42:38.9;Oph;24.9;;;;;;;;;;;;;;;;;;;;;;;
LDN 118;DrkN;16:54:52.99;-16:44:47.0;Oph;13.9;;;;;;;;;;;;;;;;;;;;;;;
LDN 119;DrkN;18:03:07.82;-26:59:53.2;Sgr;35.1;;;;;;;;;;;;;;;;;;;;;;;
LDN 120;DrkN;18:06:26.42;-27:24:38.9;Sgr;6.0;;;;;;;;;;;;;;;;;;;;;;;
LDN 121;DrkN;16:39:49.37;-14:00:49.3;Oph;7.8;;;;;;;;;;;;;;;;;;;;;;;
LDN 122;DrkN;16:55:11.02;-16:44:45.6;Oph;8.5;;;;;;;;;;;;;;;;;;;;;;;
LDN 123;DrkN;18:07:38.42;-27:24:33.5;Sgr;2.7;;;;;;;;;;;;;;;;;;;;;;;
LDN 124;DrkN;18:13:09.26;-27:59:09.2;Sgr;124.7;;;;;;;;;;;;;;;;;;;;;;;
LDN 125;DrkN;17:36:01.99;-23:01:51.2;Oph;59.2;;;;;;;;;;;;;;;;;;;;;;;
LDN 126;DrkN;17:43:03.46;-24:01:20.6;Oph;36.0;;;;;;;;;;;;;;;;;;;;;;;
LDN 127;DrkN;18:08:08.28;-27:18:31.3;Sgr;5.0;;;;;;;;;;;;;;;;;;;;;;;
LDN 128;DrkN;17:31:00.79;-22:12:13.0;Oph;54.0;;;;;;;;;;;;;;;;;;;;;;;
LDN 129;DrkN;16:54:58.49;-16:19:46.6;Oph;5.7;;;;;;;;;;;;;;;;;;;;;;;
LDN 130;DrkN;17:45:03.70;-24:11:12.1;Sgr;32.6;;;;;;;;;;;;;;;;;;;;;;;
LDN 131;DrkN;17:24:59.35;-21:12:38.9;Oph;36.1;;;;;;;;;;;;;;;;;;;;;;;
LDN 132;DrkN;16:54:52.39;-16:14:47.0;Oph;13.7;;;;;;;;;;;;;;;;;;;;;;;
LDN 133;DrkN;17:59:06.38;-26:00:10.8;Sgr;20.5;;;;;;;;;;;;;;;;;;;;;;;
LDN 134;DrkN;15:53:38.33;-04:38:49.9;Lib;28.1;;;;;;;;;;;;;;;;;;;;;;;
LDN 135;DrkN;18:02:06.86;-26:19:57.7;Sgr;5.4;;;;;;;;;;;;;;;;;;;;;;;
LDN 136;DrkN;17:29:00.10;-21:42:21.6;Oph;23.3;;;;;;;;;;;;;;;;;;;;;;;
LDN 137;DrkN;16:50:51.29;-15:25:03.7;Oph;56.8;;;;;;;;;;;;;;;;;;;;;;;
LDN 138;DrkN;17:23:58.90;-20:52:43.3;Oph;60.9;;;;;;;;;;;;;;;;;;;;;;;
LDN 139;DrkN;17:16:45.24;-19:43:14.2;Oph;20.3;;;;;;;;;;;;;;;;;;;;;;;
LDN 140;DrkN;17:53:04.92;-25:00:37.1;Sgr;60.3;;;;;;;;;;;;;;;;;;;;;;;
LDN 141;DrkN;16:50:51.10;-15:15:03.6;Oph;16.6;;;;;;;;;;;;;;;;;;;;;;;
LDN 142;DrkN;17:43:02.76;-23:31:20.6;Oph;73.0;;;;;;;;;;;;;;;;;;;;;;;
LDN 143;DrkN;18:10:07.80;-26:59:22.6;Sgr;42.4;;;;;;;;;;;;;;;;;;;;;;;
LDN 144;DrkN;17:40:32.04;-23:01:31.8;Oph;10.2;;;;;;;;;;;;;;;;;;;;;;;
LDN 145;DrkN;16:35:17.23;-12:16:07.7;Oph;22.8;;;;;;;;;;;;;;;;;;;;;;;
LDN 146;DrkN;16:56:22.13;-15:59:40.6;Oph;15.4;;;;;;;;;;;;;;;;;;;;;;;
LDN 147;DrkN;18:04:06.60;-26:09:49.0;Sgr;13.0;;;;;;;;;;;;;;;;;;;;;;;
LDN 148;DrkN;16:46:25.70;-14:10:22.1;Oph;6.6;;;;;;;;;;;;;;;;;;;;;;;
LDN 149;DrkN;17:26:58.94;-20:52:30.4;Oph;43.2;;;;;;;;;;;;;;;;;;;;;;;
LDN 150;DrkN;17:57:04.94;-25:00:19.4;Sgr;220.9;;;;;;;;;;;;;;;;;;;;;;;
LDN 151;DrkN;18:06:06.60;-26:09:40.0;Sgr;37.9;;;;;;;;;;;;;;;;;;;;;;;
LDN 152;DrkN;16:49:50.28;-14:35:07.8;Oph;61.2;;;;;;;;;;;;;;;;;;;;;;;
LDN 153;DrkN;17:40:01.46;-22:36:33.8;Oph;42.9;;;;;;;;;;;;;;;;;;;;;;;
LDN 154;DrkN;17:42:01.82;-22:51:25.2;Oph;42.3;;;;;;;;;;;;;;;;;;;;;;;
LDN 155;DrkN;17:38:01.01;-22:16:42.6;Oph;76.1;;;;;;;;;;;;;;;;;;;;;;;
LDN 156;DrkN;16:37:17.28;-12:15:59.4;Oph;21.4;;;;;;;;;;;;;;;;;;;;;;;
LDN 157;DrkN;18:09:06.96;-26:24:27.0;Sgr;5.4;;;;;;;;;;;;;;;;;;;;;;;
LDN 158;DrkN;16:47:49.66;-14:05:16.1;Oph;14.2;;;;;;;;;;;;;;;;;;;;;;;
LDN 159;DrkN;17:48:33.02;-23:40:56.6;Sgr;16.0;;;;;;;;;;;;;;;;;;;;;;;
LDN 160;DrkN;17:45:02.33;-23:11:12.1;Sgr;13.9;;;;;;;;;;;;;;;;;;;;;;;
LDN 161;DrkN;17:51:03.50;-24:00:45.7;Sgr;20.5;;;;;;;;;;;;;;;;;;;;;;;
LDN 162;DrkN;16:49:07.87;-14:15:10.8;Oph;21.1;;;;;;;;;;;;;;;;;;;;;;;
LDN 163;DrkN;16:49:49.99;-14:20:07.8;Oph;10.7;;;;;;;;;;;;;;;;;;;;;;;
LDN 164;DrkN;17:37:00.43;-21:51:46.8;Oph;15.1;;;;;;;;;;;;;;;;;;;;;;;
LDN 165;DrkN;18:16:07.75;-26:58:56.3;Sgr;13.9;;;;;;;;;;;;;;;;;;;;;;;
LDN 166;DrkN;18:02:05.18;-25:09:57.6;Sgr;5.4;;;;;;;;;;;;;;;;;;;;;;;
LDN 167;DrkN;18:06:05.88;-25:39:40.0;Sgr;22.8;;;;;;;;;;;;;;;;;;;;;;;
LDN 168;DrkN;17:32:59.26;-21:02:04.2;Oph;61.5;;;;;;;;;;;;;;;;;;;;;;;
LDN 169;DrkN;15:52:36.98;-03:18:53.6;Ser;55.6;;;;;;;;;;;;;;;;;;;;;;;
LDN 170;DrkN;17:47:02.11;-23:01:03.4;Sgr;41.5;;;;;;;;;;;;;;;;;;;;;;;
LDN 171;DrkN;18:03:05.18;-25:09:53.3;Sgr;33.7;;;;;;;;;;;;;;;;;;;;;;;
LDN 172;DrkN;17:38:00.10;-21:36:42.5;Oph;9.7;;;;;;;;;;;;;;;;;;;;;;;
LDN 173;DrkN;17:17:13.56;-18:23:12.1;Oph;8.5;;;;;;;;;;;;;;;;;;;;;;;
LDN 174;DrkN;17:39:00.22;-21:41:38.4;Oph;8.5;;;;;;;;;;;;;;;;;;;;;;;
LDN 175;DrkN;17:18:19.73;-18:31:07.7;Oph;7.6;;;;;;;;;;;;;;;;;;;;;;;
LDN 176;DrkN;18:10:06.10;-25:49:22.8;Sgr;33.3;;;;;;;;;;;;;;;;;;;;;;;
LDN 177;DrkN;17:22:56.71;-19:12:47.5;Oph;11.1;;;;;;;;;;;;;;;;;;;;;;;
LDN 178;DrkN;17:31:58.58;-20:32:08.5;Oph;49.2;;;;;;;;;;;;;;;;;;;;;;;
LDN 179;DrkN;17:23:56.83;-19:17:43.4;Oph;13.0;;;;;;;;;;;;;;;;;;;;;;;
LDN 180;DrkN;18:03:04.58;-24:44:53.2;Sgr;99.7;;;;;;;;;;;;;;;;;;;;;;;
LDN 181;DrkN;18:31:09.17;-28:04:50.9;Sgr;5.4;;;;;;;;;;;;;;;;;;;;;;;
LDN 182;DrkN;17:32:58.61;-20:32:04.2;Oph;63.2;;;;;;;;;;;;;;;;;;;;;;;
LDN 183;DrkN;15:53:54.84;-03:08:48.8;Ser;29.4;;;;;;;;;;;;;;;;;;;;;;;
LDN 185;DrkN;17:31:58.25;-20:17:08.9;Oph;19.7;;;;;;;;;;;;;;;;;;;;;;;
LDN 186;DrkN;17:44:00.72;-22:01:16.3;Sgr;32.9;;;;;;;;;;;;;;;;;;;;;;;
LDN 187;DrkN;18:12:05.98;-25:44:13.9;Sgr;50.0;;;;;;;;;;;;;;;;;;;;;;;
LDN 188;DrkN;17:53:02.38;-23:10:37.2;Sgr;32.8;;;;;;;;;;;;;;;;;;;;;;;
LDN 189;DrkN;17:43:00.26;-21:41:20.8;Oph;46.3;;;;;;;;;;;;;;;;;;;;;;;
LDN 190;DrkN;16:48:18.29;-12:55:14.2;Oph;8.9;;;;;;;;;;;;;;;;;;;;;;;
LDN 191;DrkN;16:47:48.10;-12:45:16.2;Oph;23.8;;;;;;;;;;;;;;;;;;;;;;;
LDN 192;DrkN;17:30:57.58;-19:47:13.2;Oph;31.6;;;;;;;;;;;;;;;;;;;;;;;
LDN 193;DrkN;17:35:58.63;-20:31:51.2;Oph;19.3;;;;;;;;;;;;;;;;;;;;;;;
LDN 194;DrkN;18:13:05.62;-25:29:09.6;Sgr;33.7;;;;;;;;;;;;;;;;;;;;;;;
LDN 195;DrkN;18:15:53.93;-25:43:57.4;Sgr;3.3;;;;;;;;;;;;;;;;;;;;;;;
LDN 196;DrkN;18:10:04.92;-24:59:22.6;Sgr;2.7;;;;;;;;;;;;;;;;;;;;;;;
LDN 197;DrkN;18:13:05.40;-25:20:09.6;Sgr;7.1;;;;;;;;;;;;;;;;;;;;;;;
LDN 198;DrkN;18:13:35.42;-25:22:07.3;Sgr;6.0;;;;;;;;;;;;;;;;;;;;;;;
LDN 199;DrkN;18:15:05.54;-25:27:00.7;Sgr;1.9;;;;;;;;;;;;;;;;;;;;;;;
LDN 200;DrkN;18:10:04.68;-24:49:22.8;Sgr;61.5;;;;;;;;;;;;;;;;;;;;;;;
LDN 201;DrkN;18:20:06.24;-25:58:39.0;Sgr;111.4;;;;;;;;;;;;;;;;;;;;;;;
LDN 202;DrkN;17:38:28.44;-20:21:40.3;Oph;21.0;;;;;;;;;;;;;;;;;;;;;;;
LDN 203;DrkN;18:14:23.14;-25:10:03.7;Sgr;3.8;;;;;;;;;;;;;;;;;;;;;;;
LDN 204;DrkN;16:47:47.30;-12:05:16.4;Oph;24.5;;;;;;;;;;;;;;;;;;;;;;;
LDN 205;DrkN;18:26:06.77;-26:23:12.8;Sgr;9.7;;;;;;;;;;;;;;;;;;;;;;;
LDN 206;DrkN;17:30:56.62;-19:02:13.2;Oph;113.2;;;;;;;;;;;;;;;;;;;;;;;
LDN 207;DrkN;17:44:59.38;-21:01:12.0;Sgr;84.9;;;;;;;;;;;;;;;;;;;;;;;
LDN 208;DrkN;18:13:04.42;-24:39:09.7;Sgr;10.7;;;;;;;;;;;;;;;;;;;;;;;
LDN 209;DrkN;17:37:57.77;-19:51:42.5;Oph;6.8;;;;;;;;;;;;;;;;;;;;;;;
LDN 210;DrkN;18:09:09.70;-24:07:26.8;Sgr;1.9;;;;;;;;;;;;;;;;;;;;;;;
LDN 211;DrkN;18:09:33.74;-24:09:24.8;Sgr;5.4;;;;;;;;;;;;;;;;;;;;;;;
LDN 212;DrkN;18:11:03.96;-24:19:18.5;Sgr;18.3;;;;;;;;;;;;;;;;;;;;;;;
LDN 213;DrkN;18:09:03.53;-24:00:27.0;Sgr;1.9;;;;;;;;;;;;;;;;;;;;;;;
LDN 214;DrkN;18:09:03.48;-23:58:27.1;Sgr;1.9;;;;;;;;;;;;;;;;;;;;;;;
LDN 215;DrkN;17:58:01.46;-22:30:15.1;Sgr;178.3;;;;;;;;;;;;;;;;;;;;;;;
LDN 216;DrkN;17:37:57.50;-19:39:42.8;Oph;6.3;;;;;;;;;;;;;;;;;;;;;;;
LDN 217;DrkN;18:28:06.38;-26:08:04.2;Sgr;5.7;;;;;;;;;;;;;;;;;;;;;;;
LDN 218;DrkN;17:55:00.72;-21:58:28.6;Sgr;9.5;;;;;;;;;;;;;;;;;;;;;;;
LDN 219;DrkN;17:39:27.67;-19:46:36.1;Oph;17.4;;;;;;;;;;;;;;;;;;;;;;;
LDN 220;DrkN;17:30:55.87;-18:28:13.1;Oph;5.0;;;;;;;;;;;;;;;;;;;;;;;
LDN 221;DrkN;18:11:03.50;-23:59:18.2;Sgr;76.4;;;;;;;;;;;;;;;;;;;;;;;
LDN 222;DrkN;17:41:09.70;-19:46:28.6;Oph;1.9;;;;;;;;;;;;;;;;;;;;;;;
LDN 223;DrkN;17:40:45.60;-19:42:30.6;Oph;1.9;;;;;;;;;;;;;;;;;;;;;;;
LDN 224;DrkN;18:08:32.81;-23:29:29.4;Sgr;7.3;;;;;;;;;;;;;;;;;;;;;;;
LDN 225;DrkN;17:32:55.99;-18:32:04.6;Oph;17.8;;;;;;;;;;;;;;;;;;;;;;;
LDN 226;DrkN;17:40:33.53;-19:39:31.3;Oph;3.3;;;;;;;;;;;;;;;;;;;;;;;
LDN 227;DrkN;18:10:03.05;-23:39:22.7;Sgr;13.4;;;;;;;;;;;;;;;;;;;;;;;
LDN 228;DrkN;17:40:45.50;-19:37:30.4;Oph;2.7;;;;;;;;;;;;;;;;;;;;;;;
LDN 229;DrkN;17:40:09.34;-19:30:33.1;Oph;2.7;;;;;;;;;;;;;;;;;;;;;;;
LDN 230;DrkN;18:09:02.76;-23:27:27.0;Sgr;3.3;;;;;;;;;;;;;;;;;;;;;;;
LDN 231;DrkN;17:40:21.36;-19:31:32.2;Oph;1.9;;;;;;;;;;;;;;;;;;;;;;;
LDN 232;DrkN;18:05:01.92;-22:49:44.8;Sgr;17.6;;;;;;;;;;;;;;;;;;;;;;;
LDN 233;DrkN;17:45:04.06;-20:01:11.6;Sgr;1.9;;;;;;;;;;;;;;;;;;;;;;;
LDN 234;DrkN;16:48:46.18;-11:05:12.1;Oph;71.2;;;;;;;;;;;;;;;;;;;;;;;
LDN 235;DrkN;17:46:28.30;-20:11:05.6;Sgr;11.7;;;;;;;;;;;;;;;;;;;;;;;
LDN 236;DrkN;18:26:05.21;-25:18:13.0;Sgr;10.2;;;;;;;;;;;;;;;;;;;;;;;
LDN 237;DrkN;18:01:01.01;-22:10:02.3;Sgr;43.4;;;;;;;;;;;;;;;;;;;;;;;
LDN 238;DrkN;16:35:43.32;-08:46:05.9;Oph;13.9;;;;;;;;;;;;;;;;;;;;;;;
LDN 239;DrkN;18:33:24.10;-26:00:41.0;Sgr;8.0;;;;;;;;;;;;;;;;;;;;;;;
LDN 240;DrkN;18:37:06.55;-26:22:25.3;Sgr;8.9;;;;;;;;;;;;;;;;;;;;;;;
LDN 241;DrkN;18:11:32.57;-23:19:16.3;Sgr;8.7;;;;;;;;;;;;;;;;;;;;;;;
LDN 242;DrkN;18:12:08.69;-23:24:13.7;Sgr;6.0;;;;;;;;;;;;;;;;;;;;;;;
LDN 243;DrkN;18:12:02.57;-23:19:14.2;Sgr;43.4;;;;;;;;;;;;;;;;;;;;;;;
LDN 244;DrkN;16:51:46.42;-11:14:59.6;Oph;17.6;;;;;;;;;;;;;;;;;;;;;;;
LDN 245;DrkN;18:31:05.38;-25:27:51.1;Sgr;39.8;;;;;;;;;;;;;;;;;;;;;;;
LDN 246;DrkN;17:44:57.41;-19:31:12.0;Sgr;189.7;;;;;;;;;;;;;;;;;;;;;;;
LDN 247;DrkN;18:24:04.18;-24:33:21.6;Sgr;11.1;;;;;;;;;;;;;;;;;;;;;;;
LDN 248;DrkN;18:36:05.74;-25:47:29.4;Sgr;13.7;;;;;;;;;;;;;;;;;;;;;;;
LDN 249;DrkN;18:10:01.44;-22:29:22.9;Sgr;26.2;;;;;;;;;;;;;;;;;;;;;;;
LDN 250;DrkN;18:23:21.62;-24:08:24.7;Sgr;2.7;;;;;;;;;;;;;;;;;;;;;;;
LDN 251;DrkN;18:29:04.46;-24:48:00.0;Sgr;25.8;;;;;;;;;;;;;;;;;;;;;;;
LDN 252;DrkN;18:23:09.50;-24:03:25.6;Sgr;3.8;;;;;;;;;;;;;;;;;;;;;;;
LDN 253;DrkN;18:40:05.88;-25:57:12.2;Sgr;49.8;;;;;;;;;;;;;;;;;;;;;;;
LDN 254;DrkN;17:49:57.65;-19:40:50.5;Sgr;29.1;;;;;;;;;;;;;;;;;;;;;;;
LDN 255;DrkN;16:47:44.83;-09:55:16.3;Oph;10.7;;;;;;;;;;;;;;;;;;;;;;;
LDN 256;DrkN;18:15:02.09;-22:59:01.0;Sgr;36.8;;;;;;;;;;;;;;;;;;;;;;;
LDN 257;DrkN;18:11:01.32;-22:24:18.4;Sgr;16.4;;;;;;;;;;;;;;;;;;;;;;;
LDN 258;DrkN;17:44:56.52;-18:51:12.2;Sgr;25.5;;;;;;;;;;;;;;;;;;;;;;;
LDN 259;DrkN;18:25:03.38;-23:59:17.2;Sgr;9.1;;;;;;;;;;;;;;;;;;;;;;;
LDN 260;DrkN;16:47:44.45;-09:35:16.4;Oph;16.3;;;;;;;;;;;;;;;;;;;;;;;
LDN 261;DrkN;17:35:54.31;-17:11:51.4;Oph;31.1;;;;;;;;;;;;;;;;;;;;;;;
LDN 262;DrkN;18:02:59.42;-20:59:53.5;Sgr;5.7;;;;;;;;;;;;;;;;;;;;;;;
LDN 263;DrkN;18:36:04.56;-24:57:29.5;Sgr;93.5;;;;;;;;;;;;;;;;;;;;;;;
LDN 264;DrkN;17:48:56.54;-18:50:54.6;Sgr;22.6;;;;;;;;;;;;;;;;;;;;;;;
LDN 265;DrkN;18:17:01.39;-22:28:52.3;Sgr;34.5;;;;;;;;;;;;;;;;;;;;;;;
LDN 266;DrkN;18:31:03.50;-24:07:51.2;Sgr;38.8;;;;;;;;;;;;;;;;;;;;;;;
LDN 267;DrkN;18:23:32.23;-23:08:24.0;Sgr;4.2;;;;;;;;;;;;;;;;;;;;;;;
LDN 268;DrkN;18:23:32.23;-23:08:24.0;Sgr;4.2;;;;;;;;;;;;;;;;;;;;;;;
LDN 269;DrkN;18:29:33.05;-23:47:57.8;Sgr;12.1;;;;;;;;;;;;;;;;;;;;;;;
LDN 270;DrkN;17:48:55.90;-18:20:54.6;Sgr;40.2;;;;;;;;;;;;;;;;;;;;;;;
LDN 271;DrkN;18:10:59.86;-21:19:18.5;Sgr;7.6;;;;;;;;;;;;;;;;;;;;;;;
LDN 272;DrkN;18:18:00.94;-22:08:47.8;Sgr;15.9;;;;;;;;;;;;;;;;;;;;;;;
LDN 273;DrkN;17:44:24.91;-17:36:14.4;Sgr;5.0;;;;;;;;;;;;;;;;;;;;;;;
LDN 274;DrkN;18:09:17.38;-20:57:25.9;Sgr;8.5;;;;;;;;;;;;;;;;;;;;;;;
LDN 275;DrkN;18:11:59.66;-21:11:14.3;Sgr;1.9;;;;;;;;;;;;;;;;;;;;;;;
LDN 276;DrkN;17:43:54.60;-17:21:16.6;Sgr;12.4;;;;;;;;;;;;;;;;;;;;;;;
LDN 277;DrkN;17:45:24.77;-17:29:10.0;Sgr;4.2;;;;;;;;;;;;;;;;;;;;;;;
LDN 278;DrkN;16:58:45.36;-10:14:30.5;Oph;64.3;;;;;;;;;;;;;;;;;;;;;;;
LDN 279;DrkN;17:52:56.14;-18:30:37.4;Sgr;40.8;;;;;;;;;;;;;;;;;;;;;;;
LDN 280;DrkN;16:58:45.17;-10:04:30.4;Oph;30.1;;;;;;;;;;;;;;;;;;;;;;;
LDN 281;DrkN;18:04:58.10;-19:59:44.9;Sgr;67.9;;;;;;;;;;;;;;;;;;;;;;;
LDN 282;DrkN;18:12:59.40;-20:59:09.6;Sgr;13.7;;;;;;;;;;;;;;;;;;;;;;;
LDN 283;DrkN;17:38:52.87;-16:01:38.6;Ser;131.2;;;;;;;;;;;;;;;;;;;;;;;
LDN 284;DrkN;18:36:02.47;-23:27:29.5;Sgr;26.8;;;;;;;;;;;;;;;;;;;;;;;
LDN 285;DrkN;17:55:55.92;-18:20:24.4;Sgr;27.8;;;;;;;;;;;;;;;;;;;;;;;
LDN 286;DrkN;18:01:57.00;-19:09:58.0;Sgr;20.3;;;;;;;;;;;;;;;;;;;;;;;
LDN 287;DrkN;17:22:49.42;-13:22:48.0;Ser;23.8;;;;;;;;;;;;;;;;;;;;;;;
LDN 288;DrkN;17:57:56.14;-18:30:15.5;Sgr;13.4;;;;;;;;;;;;;;;;;;;;;;;
LDN 289;DrkN;18:00:56.57;-18:50:02.4;Sgr;9.9;;;;;;;;;;;;;;;;;;;;;;;
LDN 290;DrkN;17:42:52.90;-16:01:21.0;Ser;68.9;;;;;;;;;;;;;;;;;;;;;;;
LDN 291;DrkN;18:19:59.33;-20:58:39.4;Sgr;31.4;;;;;;;;;;;;;;;;;;;;;;;
LDN 292;DrkN;17:57:43.49;-18:00:16.2;Sgr;13.4;;;;;;;;;;;;;;;;;;;;;;;
LDN 293;DrkN;17:57:55.49;-18:00:15.5;Sgr;85.3;;;;;;;;;;;;;;;;;;;;;;;
LDN 294;DrkN;18:32:00.96;-22:17:47.0;Sgr;2.7;;;;;;;;;;;;;;;;;;;;;;;
LDN 295;DrkN;18:32:49.03;-22:20:43.4;Sgr;2.7;;;;;;;;;;;;;;;;;;;;;;;
LDN 296;DrkN;18:32:30.96;-22:17:44.9;Sgr;2.7;;;;;;;;;;;;;;;;;;;;;;;
LDN 297;DrkN;18:47:02.90;-23:56:42.4;Sgr;25.2;;;;;;;;;;;;;;;;;;;;;;;
LDN 298;DrkN;17:58:55.49;-18:00:11.2;Sgr;19.5;;;;;;;;;;;;;;;;;;;;;;;
LDN 299;DrkN;17:00:44.23;-09:14:21.8;Oph;27.4;;;;;;;;;;;;;;;;;;;;;;;
LDN 300;DrkN;18:51:03.26;-24:16:25.0;Sgr;36.5;;;;;;;;;;;;;;;;;;;;;;;
LDN 301;DrkN;18:35:25.18;-22:29:32.3;Sgr;8.0;;;;;;;;;;;;;;;;;;;;;;;
LDN 302;DrkN;17:57:31.06;-17:40:17.4;Sgr;12.0;;;;;;;;;;;;;;;;;;;;;;;
LDN 303;DrkN;18:07:56.78;-18:59:31.6;Sgr;254.6;;;;;;;;;;;;;;;;;;;;;;;
LDN 304;DrkN;18:35:00.70;-22:07:34.0;Sgr;8.5;;;;;;;;;;;;;;;;;;;;;;;
LDN 305;DrkN;17:49:53.26;-16:15:50.4;Sgr;122.5;;;;;;;;;;;;;;;;;;;;;;;
LDN 306;DrkN;18:23:10.87;-20:38:25.4;Sgr;9.5;;;;;;;;;;;;;;;;;;;;;;;
LDN 307;DrkN;18:06:14.06;-18:26:39.1;Sgr;1.9;;;;;;;;;;;;;;;;;;;;;;;
LDN 308;DrkN;18:06:44.04;-18:25:36.8;Sgr;1.9;;;;;;;;;;;;;;;;;;;;;;;
LDN 309;DrkN;18:30:59.86;-21:27:51.5;Sgr;7.1;;;;;;;;;;;;;;;;;;;;;;;
LDN 310;DrkN;18:06:55.97;-18:21:36.0;Sgr;3.8;;;;;;;;;;;;;;;;;;;;;;;
LDN 311;DrkN;18:49:32.16;-23:26:31.6;Sgr;28.4;;;;;;;;;;;;;;;;;;;;;;;
LDN 312;DrkN;17:50:52.94;-16:00:46.1;Ser;96.9;;;;;;;;;;;;;;;;;;;;;;;
LDN 313;DrkN;18:33:29.93;-21:32:40.6;Sgr;8.0;;;;;;;;;;;;;;;;;;;;;;;
LDN 314;DrkN;18:20:58.01;-19:58:35.0;Sgr;113.8;;;;;;;;;;;;;;;;;;;;;;;
LDN 315;DrkN;18:17:57.38;-19:28:48.0;Sgr;147.0;;;;;;;;;;;;;;;;;;;;;;;
LDN 316;DrkN;18:44:43.15;-22:36:52.2;Sgr;19.7;;;;;;;;;;;;;;;;;;;;;;;
LDN 317;DrkN;17:00:42.89;-08:04:22.1;Oph;75.9;;;;;;;;;;;;;;;;;;;;;;;
LDN 318;DrkN;17:59:54.00;-16:50:06.7;Sgr;5.7;;;;;;;;;;;;;;;;;;;;;;;
LDN 319;DrkN;18:01:54.00;-16:49:58.1;Sgr;12.4;;;;;;;;;;;;;;;;;;;;;;;
LDN 320;DrkN;17:59:53.57;-16:30:06.8;Sgr;71.5;;;;;;;;;;;;;;;;;;;;;;;
LDN 321;DrkN;18:50:19.06;-22:38:28.3;Sgr;9.5;;;;;;;;;;;;;;;;;;;;;;;
LDN 322;DrkN;18:19:56.71;-18:58:39.4;Sgr;68.1;;;;;;;;;;;;;;;;;;;;;;;
LDN 323;DrkN;18:15:31.70;-18:10:58.4;Sgr;7.6;;;;;;;;;;;;;;;;;;;;;;;
LDN 324;DrkN;17:21:45.82;-10:22:52.3;Ser;144.5;;;;;;;;;;;;;;;;;;;;;;;
LDN 325;DrkN;17:53:51.70;-15:00:33.1;Ser;56.9;;;;;;;;;;;;;;;;;;;;;;;
LDN 326;DrkN;17:49:50.95;-14:25:50.5;Ser;10.4;;;;;;;;;;;;;;;;;;;;;;;
LDN 327;DrkN;18:16:55.54;-18:03:52.6;Sgr;6.3;;;;;;;;;;;;;;;;;;;;;;;
LDN 328;DrkN;18:16:55.46;-17:59:52.4;Sgr;1.9;;;;;;;;;;;;;;;;;;;;;;;
LDN 329;DrkN;18:40:28.92;-20:52:10.2;Sgr;13.7;;;;;;;;;;;;;;;;;;;;;;;
LDN 330;DrkN;17:50:26.76;-14:16:48.0;Ser;6.3;;;;;;;;;;;;;;;;;;;;;;;
LDN 331;DrkN;18:16:55.22;-17:48:52.6;Sgr;4.2;;;;;;;;;;;;;;;;;;;;;;;
LDN 332;DrkN;18:20:55.61;-18:08:35.2;Sgr;7.1;;;;;;;;;;;;;;;;;;;;;;;
LDN 333;DrkN;18:10:53.98;-16:49:18.8;Sgr;42.3;;;;;;;;;;;;;;;;;;;;;;;
LDN 334;DrkN;18:39:58.39;-20:27:12.6;Sgr;16.4;;;;;;;;;;;;;;;;;;;;;;;
LDN 335;DrkN;18:19:07.20;-17:48:42.8;Sgr;3.8;;;;;;;;;;;;;;;;;;;;;;;
LDN 336;DrkN;18:19:55.30;-17:53:39.5;Sgr;13.0;;;;;;;;;;;;;;;;;;;;;;;
LDN 337;DrkN;17:57:51.50;-14:51:15.5;Ser;8.9;;;;;;;;;;;;;;;;;;;;;;;
LDN 338;DrkN;17:55:51.07;-14:30:24.5;Ser;11.1;;;;;;;;;;;;;;;;;;;;;;;
LDN 339;DrkN;17:56:33.17;-14:35:21.5;Ser;7.6;;;;;;;;;;;;;;;;;;;;;;;
LDN 340;DrkN;17:58:51.19;-14:36:11.2;Ser;11.2;;;;;;;;;;;;;;;;;;;;;;;
LDN 341;DrkN;17:59:21.26;-14:40:09.1;Ser;6.3;;;;;;;;;;;;;;;;;;;;;;;
LDN 342;DrkN;18:21:54.96;-17:38:30.5;Sgr;53.5;;;;;;;;;;;;;;;;;;;;;;;
LDN 343;DrkN;18:28:55.87;-18:24:00.4;Sgr;59.6;;;;;;;;;;;;;;;;;;;;;;;
LDN 344;DrkN;18:41:57.70;-19:57:04.0;Sgr;7.6;;;;;;;;;;;;;;;;;;;;;;;
LDN 345;DrkN;17:53:50.04;-13:40:33.2;Ser;29.4;;;;;;;;;;;;;;;;;;;;;;;
LDN 346;DrkN;18:42:57.67;-19:56:59.6;Sgr;7.6;;;;;;;;;;;;;;;;;;;;;;;
LDN 347;DrkN;18:07:52.30;-15:29:31.9;Ser;26.2;;;;;;;;;;;;;;;;;;;;;;;
LDN 348;DrkN;18:09:52.51;-15:39:23.0;Ser;9.9;;;;;;;;;;;;;;;;;;;;;;;
LDN 349;DrkN;17:51:07.20;-13:00:45.0;Ser;6.3;;;;;;;;;;;;;;;;;;;;;;;
LDN 350;DrkN;18:27:55.13;-17:48:04.7;Sgr;22.8;;;;;;;;;;;;;;;;;;;;;;;
LDN 351;DrkN;18:23:54.41;-17:13:22.1;Sgr;10.2;;;;;;;;;;;;;;;;;;;;;;;
LDN 352;DrkN;17:45:47.98;-12:01:08.0;Ser;137.5;;;;;;;;;;;;;;;;;;;;;;;
LDN 353;DrkN;18:32:55.70;-18:17:42.7;Sgr;109.5;;;;;;;;;;;;;;;;;;;;;;;
LDN 354;DrkN;18:24:54.46;-17:15:17.6;Sgr;10.2;;;;;;;;;;;;;;;;;;;;;;;
LDN 355;DrkN;17:51:48.79;-12:40:41.9;Ser;16.4;;;;;;;;;;;;;;;;;;;;;;;
LDN 356;DrkN;18:30:24.98;-17:42:53.6;Sgr;6.3;;;;;;;;;;;;;;;;;;;;;;;
LDN 357;DrkN;18:15:52.58;-15:43:57.0;Ser;23.3;;;;;;;;;;;;;;;;;;;;;;;
LDN 358;DrkN;17:52:48.60;-12:30:37.4;Ser;52.0;;;;;;;;;;;;;;;;;;;;;;;
LDN 359;DrkN;18:22:53.47;-16:28:26.4;Sgr;134.2;;;;;;;;;;;;;;;;;;;;;;;
LDN 360;DrkN;17:51:42.29;-12:15:42.5;Ser;5.7;;;;;;;;;;;;;;;;;;;;;;;
LDN 361;DrkN;17:52:00.19;-12:10:41.2;Ser;6.6;;;;;;;;;;;;;;;;;;;;;;;
LDN 362;DrkN;18:29:54.24;-17:07:55.9;Sgr;40.9;;;;;;;;;;;;;;;;;;;;;;;
LDN 363;DrkN;17:58:49.22;-13:00:11.2;Ser;88.8;;;;;;;;;;;;;;;;;;;;;;;
LDN 364;DrkN;18:34:54.82;-17:37:34.3;Sgr;19.2;;;;;;;;;;;;;;;;;;;;;;;
LDN 365;DrkN;18:42:55.75;-18:26:59.6;Sgr;18.3;;;;;;;;;;;;;;;;;;;;;;;
LDN 367;DrkN;17:49:46.78;-11:00:50.8;Ser;53.7;;;;;;;;;;;;;;;;;;;;;;;
LDN 368;DrkN;18:05:19.42;-13:09:42.8;Ser;74.7;;;;;;;;;;;;;;;;;;;;;;;
LDN 369;DrkN;18:46:07.37;-18:11:46.0;Sgr;7.6;;;;;;;;;;;;;;;;;;;;;;;
LDN 370;DrkN;18:30:35.09;-16:12:52.9;Sgr;5.7;;;;;;;;;;;;;;;;;;;;;;;
LDN 371;DrkN;17:17:40.70;-06:03:09.7;Oph;60.6;;;;;;;;;;;;;;;;;;;;;;;
LDN 372;DrkN;18:30:34.90;-16:03:52.9;Sgr;1.9;;;;;;;;;;;;;;;;;;;;;;;
LDN 373;DrkN;17:25:41.93;-07:02:35.2;Oph;37.7;;;;;;;;;;;;;;;;;;;;;;;
LDN 374;DrkN;18:29:52.56;-15:47:56.0;Sct;35.4;;;;;;;;;;;;;;;;;;;;;;;
LDN 375;DrkN;18:08:49.20;-12:59:27.6;Ser;20.6;;;;;;;;;;;;;;;;;;;;;;;
LDN 376;DrkN;18:22:51.19;-14:38:26.5;Sct;51.3;;;;;;;;;;;;;;;;;;;;;;;
LDN 377;DrkN;19:32:17.26;-22:23:33.4;Sgr;2.7;;;;;;;;;;;;;;;;;;;;;;;
LDN 378;DrkN;18:36:52.68;-15:57:25.6;Sgr;17.8;;;;;;;;;;;;;;;;;;;;;;;
LDN 379;DrkN;18:30:51.72;-15:07:51.6;Sct;25.5;;;;;;;;;;;;;;;;;;;;;;;
LDN 380;DrkN;18:22:50.35;-13:58:26.4;Sct;30.5;;;;;;;;;;;;;;;;;;;;;;;
LDN 381;DrkN;18:37:22.49;-15:47:23.6;Sct;4.2;;;;;;;;;;;;;;;;;;;;;;;
LDN 382;DrkN;17:47:44.35;-09:00:59.4;Oph;28.1;;;;;;;;;;;;;;;;;;;;;;;
LDN 383;DrkN;18:02:46.78;-10:59:53.9;Ser;52.1;;;;;;;;;;;;;;;;;;;;;;;
LDN 384;DrkN;18:02:46.46;-10:44:53.9;Ser;160.5;;;;;;;;;;;;;;;;;;;;;;;
LDN 385;DrkN;18:34:51.34;-14:50:34.4;Sct;6.3;;;;;;;;;;;;;;;;;;;;;;;
LDN 386;DrkN;18:12:47.98;-11:59:10.3;Ser;259.5;;;;;;;;;;;;;;;;;;;;;;;
LDN 387;DrkN;17:18:38.40;-04:03:05.4;Oph;44.4;;;;;;;;;;;;;;;;;;;;;;;
LDN 388;DrkN;18:32:50.57;-14:12:43.2;Sct;145.6;;;;;;;;;;;;;;;;;;;;;;;
LDN 389;DrkN;18:32:50.47;-14:07:43.0;Sct;20.9;;;;;;;;;;;;;;;;;;;;;;;
LDN 390;DrkN;18:35:50.86;-14:27:29.9;Sct;23.0;;;;;;;;;;;;;;;;;;;;;;;
LDN 391;DrkN;17:15:37.25;-03:03:18.4;Oph;37.6;;;;;;;;;;;;;;;;;;;;;;;
LDN 392;DrkN;17:53:43.78;-08:30:33.5;Oph;6.0;;;;;;;;;;;;;;;;;;;;;;;
LDN 393;DrkN;17:44:42.17;-07:11:12.8;Oph;268.3;;;;;;;;;;;;;;;;;;;;;;;
LDN 394;DrkN;18:21:48.22;-12:13:30.7;Ser;73.5;;;;;;;;;;;;;;;;;;;;;;;
LDN 395;DrkN;18:38:50.40;-14:07:17.0;Sct;38.7;;;;;;;;;;;;;;;;;;;;;;;
LDN 396;DrkN;18:32:01.37;-13:12:46.4;Sct;3.8;;;;;;;;;;;;;;;;;;;;;;;
LDN 397;DrkN;18:02:44.76;-09:19:54.1;Oph;31.9;;;;;;;;;;;;;;;;;;;;;;;
LDN 398;DrkN;18:32:49.46;-13:17:43.1;Sct;6.3;;;;;;;;;;;;;;;;;;;;;;;
LDN 399;DrkN;18:26:48.48;-12:28:09.1;Sct;61.5;;;;;;;;;;;;;;;;;;;;;;;
LDN 400;DrkN;17:55:43.49;-08:15:24.5;Oph;18.5;;;;;;;;;;;;;;;;;;;;;;;
LDN 401;DrkN;18:38:07.99;-13:47:20.0;Sct;5.0;;;;;;;;;;;;;;;;;;;;;;;
LDN 402;DrkN;18:29:48.77;-12:42:56.2;Sct;4.6;;;;;;;;;;;;;;;;;;;;;;;
LDN 403;DrkN;18:36:49.61;-13:27:25.9;Sct;6.3;;;;;;;;;;;;;;;;;;;;;;;
LDN 404;DrkN;18:29:48.46;-12:27:56.2;Sct;6.8;;;;;;;;;;;;;;;;;;;;;;;
LDN 405;DrkN;18:22:47.30;-11:28:26.4;Sct;194.4;;;;;;;;;;;;;;;;;;;;;;;
LDN 406;DrkN;18:25:47.69;-11:48:13.7;Sct;51.8;;;;;;;;;;;;;;;;;;;;;;;
LDN 407;DrkN;18:34:49.03;-12:57:34.6;Sct;34.9;;;;;;;;;;;;;;;;;;;;;;;
LDN 408;DrkN;18:10:44.95;-09:29:19.0;Ser;41.3;;;;;;;;;;;;;;;;;;;;;;;
LDN 409;DrkN;18:41:49.56;-13:27:04.3;Sct;72.5;;;;;;;;;;;;;;;;;;;;;;;
LDN 410;DrkN;18:42:49.54;-13:27:-0.0;Sct;134.2;;;;;;;;;;;;;;;;;;;;;;;
LDN 411;DrkN;18:27:47.28;-11:28:04.8;Sct;6.0;;;;;;;;;;;;;;;;;;;;;;;
LDN 412;DrkN;18:31:47.83;-11:57:47.5;Sct;8.0;;;;;;;;;;;;;;;;;;;;;;;
LDN 413;DrkN;18:26:34.99;-11:13:10.2;Sct;6.0;;;;;;;;;;;;;;;;;;;;;;;
LDN 414;DrkN;18:24:16.54;-10:50:20.0;Sct;6.0;;;;;;;;;;;;;;;;;;;;;;;
LDN 415;DrkN;18:24:46.30;-10:38:17.9;Sct;22.4;;;;;;;;;;;;;;;;;;;;;;;
LDN 416;DrkN;18:25:16.30;-10:38:15.7;Sct;4.2;;;;;;;;;;;;;;;;;;;;;;;
LDN 417;DrkN;18:25:16.25;-10:36:15.8;Sct;3.3;;;;;;;;;;;;;;;;;;;;;;;
LDN 418;DrkN;18:14:44.54;-09:09:01.4;Ser;24.0;;;;;;;;;;;;;;;;;;;;;;;
LDN 419;DrkN;18:12:43.94;-08:39:10.4;Ser;19.7;;;;;;;;;;;;;;;;;;;;;;;
LDN 420;DrkN;18:25:45.89;-10:18:13.7;Sct;6.0;;;;;;;;;;;;;;;;;;;;;;;
LDN 421;DrkN;17:54:16.58;-05:48:31.0;Oph;8.5;;;;;;;;;;;;;;;;;;;;;;;
LDN 422;DrkN;18:11:43.37;-08:09:14.8;Ser;5.0;;;;;;;;;;;;;;;;;;;;;;;
LDN 423;DrkN;18:27:45.77;-10:13:04.8;Sct;6.6;;;;;;;;;;;;;;;;;;;;;;;
LDN 424;DrkN;18:14:43.75;-08:29:01.7;Ser;21.7;;;;;;;;;;;;;;;;;;;;;;;
LDN 425;DrkN;17:46:51.24;-04:41:03.1;Oph;7.8;;;;;;;;;;;;;;;;;;;;;;;
LDN 426;DrkN;18:11:31.13;-07:57:15.5;Ser;1.9;;;;;;;;;;;;;;;;;;;;;;;
LDN 427;DrkN;18:26:45.29;-09:48:09.4;Sct;3.8;;;;;;;;;;;;;;;;;;;;;;;
LDN 428;DrkN;17:47:39.05;-04:30:59.8;Oph;36.5;;;;;;;;;;;;;;;;;;;;;;;
LDN 429;DrkN;18:16:43.54;-08:18:52.9;Ser;15.6;;;;;;;;;;;;;;;;;;;;;;;
LDN 430;DrkN;18:11:42.72;-07:37:14.9;Ser;3.3;;;;;;;;;;;;;;;;;;;;;;;
LDN 431;DrkN;18:13:42.96;-07:49:05.9;Ser;18.3;;;;;;;;;;;;;;;;;;;;;;;
LDN 432;DrkN;17:58:40.51;-05:45:11.5;Oph;5.4;;;;;;;;;;;;;;;;;;;;;;;
LDN 433;DrkN;18:42:47.14;-11:27:-0.0;Sct;78.5;;;;;;;;;;;;;;;;;;;;;;;
LDN 434;DrkN;18:42:47.14;-11:27:-0.0;Sct;63.2;;;;;;;;;;;;;;;;;;;;;;;
LDN 435;DrkN;18:32:45.43;-09:57:43.2;Sct;173.9;;;;;;;;;;;;;;;;;;;;;;;
LDN 436;DrkN;18:14:42.46;-07:24:01.8;Ser;4.6;;;;;;;;;;;;;;;;;;;;;;;
LDN 437;DrkN;18:20:13.13;-07:58:37.6;Ser;24.2;;;;;;;;;;;;;;;;;;;;;;;
LDN 438;DrkN;18:14:12.17;-07:09:04.0;Ser;5.4;;;;;;;;;;;;;;;;;;;;;;;
LDN 439;DrkN;17:59:39.62;-05:00:07.2;Oph;25.5;;;;;;;;;;;;;;;;;;;;;;;
LDN 440;DrkN;18:19:42.55;-07:28:39.7;Ser;7.1;;;;;;;;;;;;;;;;;;;;;;;
LDN 441;DrkN;18:03:40.03;-05:19:49.8;Oph;96.0;;;;;;;;;;;;;;;;;;;;;;;
LDN 442;DrkN;17:57:39.05;-04:30:16.2;Oph;7.1;;;;;;;;;;;;;;;;;;;;;;;
LDN 443;DrkN;18:32:44.45;-09:07:43.3;Sct;12.7;;;;;;;;;;;;;;;;;;;;;;;
LDN 444;DrkN;18:02:39.62;-04:59:54.2;Oph;60.9;;;;;;;;;;;;;;;;;;;;;;;
LDN 445;DrkN;18:37:45.00;-09:37:21.7;Sct;17.6;;;;;;;;;;;;;;;;;;;;;;;
LDN 446;DrkN;18:30:43.87;-08:37:52.0;Sct;22.4;;;;;;;;;;;;;;;;;;;;;;;
LDN 447;DrkN;18:15:41.57;-06:38:57.1;Ser;44.3;;;;;;;;;;;;;;;;;;;;;;;
LDN 448;DrkN;18:36:44.62;-09:17:25.8;Sct;9.9;;;;;;;;;;;;;;;;;;;;;;;
LDN 449;DrkN;18:51:46.63;-11:06:21.6;Sct;13.4;;;;;;;;;;;;;;;;;;;;;;;
LDN 450;DrkN;18:32:43.85;-08:37:43.3;Sct;13.1;;;;;;;;;;;;;;;;;;;;;;;
LDN 451;DrkN;18:21:42.14;-07:08:31.2;Ser;8.9;;;;;;;;;;;;;;;;;;;;;;;
LDN 452;DrkN;18:56:47.14;-11:36:-0.0;Sct;67.6;;;;;;;;;;;;;;;;;;;;;;;
LDN 453;DrkN;18:24:42.53;-07:28:18.1;Sct;93.5;;;;;;;;;;;;;;;;;;;;;;;
LDN 454;DrkN;18:28:43.10;-07:58:00.5;Sct;22.4;;;;;;;;;;;;;;;;;;;;;;;
LDN 455;DrkN;18:37:44.40;-09:07:21.7;Sct;8.0;;;;;;;;;;;;;;;;;;;;;;;
LDN 456;DrkN;18:52:46.42;-10:56:17.2;Sct;10.7;;;;;;;;;;;;;;;;;;;;;;;
LDN 458;DrkN;18:56:46.94;-11:26:00.2;Sct;67.6;;;;;;;;;;;;;;;;;;;;;;;
LDN 459;DrkN;18:42:44.95;-09:37:00.1;Sct;103.9;;;;;;;;;;;;;;;;;;;;;;;
LDN 460;DrkN;17:58:38.16;-03:45:11.9;Ser;4.6;;;;;;;;;;;;;;;;;;;;;;;
LDN 461;DrkN;18:09:39.82;-05:09:23.4;Ser;20.5;;;;;;;;;;;;;;;;;;;;;;;
LDN 462;DrkN;18:06:39.24;-04:39:36.7;Ser;12.1;;;;;;;;;;;;;;;;;;;;;;;
LDN 463;DrkN;18:31:43.08;-07:57:47.5;Sct;60.0;;;;;;;;;;;;;;;;;;;;;;;
LDN 464;DrkN;18:52:46.03;-10:36:17.3;Sct;11.1;;;;;;;;;;;;;;;;;;;;;;;
LDN 466;DrkN;18:19:40.97;-06:08:39.8;Ser;6.6;;;;;;;;;;;;;;;;;;;;;;;
LDN 467;DrkN;18:18:58.78;-05:58:43.0;Ser;4.6;;;;;;;;;;;;;;;;;;;;;;;
LDN 468;DrkN;18:00:37.87;-03:30:02.9;Ser;7.6;;;;;;;;;;;;;;;;;;;;;;;
LDN 469;DrkN;18:13:27.74;-05:06:06.8;Ser;3.3;;;;;;;;;;;;;;;;;;;;;;;
LDN 470;DrkN;18:18:40.49;-05:43:44.4;Ser;5.0;;;;;;;;;;;;;;;;;;;;;;;
LDN 471;DrkN;18:19:40.58;-05:48:40.0;Ser;14.2;;;;;;;;;;;;;;;;;;;;;;;
LDN 472;DrkN;18:14:09.62;-04:59:03.8;Ser;10.7;;;;;;;;;;;;;;;;;;;;;;;
LDN 473;DrkN;18:37:43.03;-07:57:21.6;Sct;28.4;;;;;;;;;;;;;;;;;;;;;;;
LDN 474;DrkN;18:51:44.95;-09:41:21.5;Sct;79.6;;;;;;;;;;;;;;;;;;;;;;;
LDN 475;DrkN;18:19:10.20;-05:28:42.2;Ser;10.2;;;;;;;;;;;;;;;;;;;;;;;
LDN 476;DrkN;18:18:40.10;-05:23:44.2;Ser;3.8;;;;;;;;;;;;;;;;;;;;;;;
LDN 477;DrkN;18:19:10.10;-05:23:42.0;Ser;4.6;;;;;;;;;;;;;;;;;;;;;;;
LDN 478;DrkN;18:12:39.02;-04:29:10.3;Ser;19.3;;;;;;;;;;;;;;;;;;;;;;;
LDN 479;DrkN;18:19:09.79;-05:08:42.0;Ser;3.3;;;;;;;;;;;;;;;;;;;;;;;
LDN 480;DrkN;18:44:43.56;-08:26:51.4;Sct;39.8;;;;;;;;;;;;;;;;;;;;;;;
LDN 481;DrkN;18:25:40.75;-05:58:13.8;Sct;161.7;;;;;;;;;;;;;;;;;;;;;;;
LDN 482;DrkN;18:19:09.77;-05:06:42.1;Ser;7.1;;;;;;;;;;;;;;;;;;;;;;;
LDN 483;DrkN;18:17:39.41;-04:48:48.6;Ser;11.7;;;;;;;;;;;;;;;;;;;;;;;
LDN 484;DrkN;18:39:42.43;-07:27:13.0;Sct;82.0;;;;;;;;;;;;;;;;;;;;;;;
LDN 485;DrkN;18:36:41.88;-06:57:25.9;Sct;48.9;;;;;;;;;;;;;;;;;;;;;;;
LDN 486;DrkN;18:06:37.30;-02:59:36.6;Ser;74.2;;;;;;;;;;;;;;;;;;;;;;;
LDN 487;DrkN;18:16:50.83;-04:18:52.2;Ser;3.8;;;;;;;;;;;;;;;;;;;;;;;
LDN 488;DrkN;18:16:38.74;-04:13:53.0;Ser;3.8;;;;;;;;;;;;;;;;;;;;;;;
LDN 489;DrkN;18:28:40.34;-05:38:00.6;Sct;29.3;;;;;;;;;;;;;;;;;;;;;;;
LDN 490;DrkN;18:15:08.26;-03:48:59.8;Ser;2.7;;;;;;;;;;;;;;;;;;;;;;;
LDN 491;DrkN;18:27:40.15;-05:28:05.2;Sct;30.7;;;;;;;;;;;;;;;;;;;;;;;
LDN 492;DrkN;18:15:38.26;-03:48:57.2;Ser;5.4;;;;;;;;;;;;;;;;;;;;;;;
LDN 493;DrkN;18:12:37.68;-03:19:10.6;Ser;17.1;;;;;;;;;;;;;;;;;;;;;;;
LDN 494;DrkN;18:36:59.28;-06:27:24.8;Sct;6.3;;;;;;;;;;;;;;;;;;;;;;;
LDN 495;DrkN;18:38:53.50;-06:39:16.6;Sct;2.7;;;;;;;;;;;;;;;;;;;;;;;
LDN 496;DrkN;18:47:42.77;-07:46:38.6;Sct;66.8;;;;;;;;;;;;;;;;;;;;;;;
LDN 497;DrkN;18:39:11.47;-06:37:15.2;Sct;9.9;;;;;;;;;;;;;;;;;;;;;;;
LDN 498;DrkN;18:39:59.50;-06:39:11.9;Sct;3.8;;;;;;;;;;;;;;;;;;;;;;;
LDN 499;DrkN;18:40:41.26;-06:27:08.6;Sct;13.4;;;;;;;;;;;;;;;;;;;;;;;
LDN 500;DrkN;18:16:37.66;-03:18:52.9;Ser;3.8;;;;;;;;;;;;;;;;;;;;;;;
LDN 501;DrkN;18:17:37.66;-03:18:48.6;Ser;8.9;;;;;;;;;;;;;;;;;;;;;;;
LDN 502;DrkN;18:07:29.95;-01:51:32.8;Ser;4.2;;;;;;;;;;;;;;;;;;;;;;;
LDN 503;DrkN;18:29:09.19;-04:37:58.4;Sct;5.4;;;;;;;;;;;;;;;;;;;;;;;
LDN 504;DrkN;18:18:37.46;-03:08:44.5;Ser;2.7;;;;;;;;;;;;;;;;;;;;;;;
LDN 505;DrkN;18:19:37.56;-03:13:40.1;Ser;5.0;;;;;;;;;;;;;;;;;;;;;;;
LDN 506;DrkN;18:47:41.69;-06:51:38.9;Sct;1.9;;;;;;;;;;;;;;;;;;;;;;;
LDN 507;DrkN;18:15:00.84;-02:37:00.1;Ser;7.6;;;;;;;;;;;;;;;;;;;;;;;
LDN 508;DrkN;18:09:35.74;-01:39:23.8;Ser;11.4;;;;;;;;;;;;;;;;;;;;;;;
LDN 509;DrkN;18:53:42.17;-07:18:13.0;Sct;3.3;;;;;;;;;;;;;;;;;;;;;;;
LDN 510;DrkN;18:14:36.41;-02:14:01.7;Ser;13.4;;;;;;;;;;;;;;;;;;;;;;;
LDN 511;DrkN;18:25:38.04;-03:38:13.9;Ser;54.1;;;;;;;;;;;;;;;;;;;;;;;
LDN 512;DrkN;18:53:11.95;-07:06:15.1;Sct;15.4;;;;;;;;;;;;;;;;;;;;;;;
LDN 513;DrkN;18:10:35.62;-01:33:19.4;Ser;21.4;;;;;;;;;;;;;;;;;;;;;;;
LDN 514;DrkN;18:52:53.76;-06:56:16.4;Sct;4.2;;;;;;;;;;;;;;;;;;;;;;;
LDN 515;DrkN;18:37:39.53;-04:57:22.0;Sct;174.3;;;;;;;;;;;;;;;;;;;;;;;
LDN 516;DrkN;18:51:23.38;-06:36:23.0;Sct;9.9;;;;;;;;;;;;;;;;;;;;;;;
LDN 517;DrkN;18:45:10.27;-05:36:49.3;Sct;30.9;;;;;;;;;;;;;;;;;;;;;;;
LDN 518;DrkN;18:53:11.35;-06:36:15.1;Sct;3.3;;;;;;;;;;;;;;;;;;;;;;;
LDN 519;DrkN;18:12:35.14;-01:09:10.4;Ser;22.3;;;;;;;;;;;;;;;;;;;;;;;
LDN 520;DrkN;18:21:36.48;-02:18:31.3;Ser;18.7;;;;;;;;;;;;;;;;;;;;;;;
LDN 521;DrkN;18:52:28.56;-05:54:18.4;Sct;7.1;;;;;;;;;;;;;;;;;;;;;;;
LDN 522;DrkN;18:51:40.42;-05:46:21.7;Sct;25.2;;;;;;;;;;;;;;;;;;;;;;;
LDN 523;DrkN;18:49:10.06;-05:26:32.3;Sct;14.8;;;;;;;;;;;;;;;;;;;;;;;
LDN 524;DrkN;18:45:39.50;-04:56:47.4;Sct;46.1;;;;;;;;;;;;;;;;;;;;;;;
LDN 525;DrkN;18:38:38.38;-03:57:17.6;Sct;88.2;;;;;;;;;;;;;;;;;;;;;;;
LDN 526;DrkN;18:26:36.48;-02:18:09.7;Ser;57.1;;;;;;;;;;;;;;;;;;;;;;;
LDN 527;DrkN;18:46:27.29;-04:46:44.0;Sct;4.2;;;;;;;;;;;;;;;;;;;;;;;
LDN 528;DrkN;18:47:09.29;-04:46:40.8;Sct;31.0;;;;;;;;;;;;;;;;;;;;;;;
LDN 529;DrkN;18:45:38.93;-04:26:47.4;Sct;30.5;;;;;;;;;;;;;;;;;;;;;;;
LDN 530;DrkN;18:49:39.29;-04:46:30.4;Sct;21.1;;;;;;;;;;;;;;;;;;;;;;;
LDN 531;DrkN;19:06:05.52;-06:50:20.8;Aql;4.2;;;;;;;;;;;;;;;;;;;;;;;
LDN 532;DrkN;18:47:08.81;-04:21:41.0;Sct;7.6;;;;;;;;;;;;;;;;;;;;;;;
LDN 533;DrkN;18:23:35.33;-01:18:22.7;Ser;8.9;;;;;;;;;;;;;;;;;;;;;;;
LDN 534;DrkN;18:52:39.46;-04:56:17.5;Sct;107.1;;;;;;;;;;;;;;;;;;;;;;;
LDN 535;DrkN;18:37:07.15;-02:53:24.0;Ser;10.2;;;;;;;;;;;;;;;;;;;;;;;
LDN 536;DrkN;18:34:36.74;-02:32:34.8;Ser;30.2;;;;;;;;;;;;;;;;;;;;;;;
LDN 537;DrkN;18:22:34.94;-00:58:27.1;Ser;43.8;;;;;;;;;;;;;;;;;;;;;;;
LDN 538;DrkN;18:36:37.03;-02:47:26.2;Ser;21.9;;;;;;;;;;;;;;;;;;;;;;;
LDN 539;DrkN;18:23:59.04;-01:04:21.0;Ser;8.9;;;;;;;;;;;;;;;;;;;;;;;
LDN 540;DrkN;19:06:05.06;-06:25:20.6;Aql;20.2;;;;;;;;;;;;;;;;;;;;;;;
LDN 541;DrkN;18:36:18.65;-02:27:27.4;Ser;12.4;;;;;;;;;;;;;;;;;;;;;;;
LDN 542;DrkN;19:01:40.15;-05:35:39.1;Aql;16.4;;;;;;;;;;;;;;;;;;;;;;;
LDN 543;DrkN;19:06:40.78;-06:10:18.1;Aql;5.0;;;;;;;;;;;;;;;;;;;;;;;
LDN 544;DrkN;19:01:33.96;-05:25:39.7;Aql;5.0;;;;;;;;;;;;;;;;;;;;;;;
LDN 545;DrkN;18:56:45.24;-04:46:00.1;Sct;4.6;;;;;;;;;;;;;;;;;;;;;;;
LDN 546;DrkN;18:57:33.24;-04:45:56.5;Sct;5.0;;;;;;;;;;;;;;;;;;;;;;;
LDN 547;DrkN;18:50:38.23;-03:51:25.9;Aql;91.0;;;;;;;;;;;;;;;;;;;;;;;
LDN 548;DrkN;18:49:38.04;-03:41:30.1;Aql;60.0;;;;;;;;;;;;;;;;;;;;;;;
LDN 549;DrkN;19:02:09.77;-05:15:37.1;Aql;4.6;;;;;;;;;;;;;;;;;;;;;;;
LDN 550;DrkN;19:07:40.30;-05:45:14.0;Aql;105.8;;;;;;;;;;;;;;;;;;;;;;;
LDN 551;DrkN;18:57:50.86;-04:25:55.2;Sct;2.7;;;;;;;;;;;;;;;;;;;;;;;
LDN 552;DrkN;19:04:21.74;-05:15:27.7;Aql;10.7;;;;;;;;;;;;;;;;;;;;;;;
LDN 553;DrkN;19:03:09.58;-05:05:33.0;Aql;8.5;;;;;;;;;;;;;;;;;;;;;;;
LDN 554;DrkN;19:08:04.20;-05:40:12.4;Aql;10.2;;;;;;;;;;;;;;;;;;;;;;;
LDN 555;DrkN;18:41:30.43;-02:17:04.9;Ser;5.4;;;;;;;;;;;;;;;;;;;;;;;
LDN 556;DrkN;18:59:08.93;-04:30:49.7;Aql;21.6;;;;;;;;;;;;;;;;;;;;;;;
LDN 557;DrkN;18:38:35.88;-01:47:17.5;Ser;25.5;;;;;;;;;;;;;;;;;;;;;;;
LDN 558;DrkN;18:37:35.69;-01:37:22.1;Ser;39.4;;;;;;;;;;;;;;;;;;;;;;;
LDN 559;DrkN;18:32:34.92;-00:57:43.6;Ser;247.4;;;;;;;;;;;;;;;;;;;;;;;
LDN 560;DrkN;18:41:36.05;-01:57:04.7;Aql;12.4;;;;;;;;;;;;;;;;;;;;;;;
LDN 561;DrkN;18:57:38.28;-03:55:56.3;Sct;74.7;;;;;;;;;;;;;;;;;;;;;;;
LDN 562;DrkN;19:02:38.90;-04:30:34.9;Aql;8.5;;;;;;;;;;;;;;;;;;;;;;;
LDN 563;DrkN;18:39:35.59;-01:32:13.2;Ser;94.9;;;;;;;;;;;;;;;;;;;;;;;
LDN 564;DrkN;18:37:35.21;-01:12:22.0;Ser;27.4;;;;;;;;;;;;;;;;;;;;;;;
LDN 565;DrkN;18:55:37.82;-03:31:04.8;Aql;70.2;;;;;;;;;;;;;;;;;;;;;;;
LDN 566;DrkN;18:50:36.98;-02:46:26.0;Aql;13.4;;;;;;;;;;;;;;;;;;;;;;;
LDN 567;DrkN;19:04:08.86;-04:28:28.6;Aql;9.3;;;;;;;;;;;;;;;;;;;;;;;
LDN 568;DrkN;18:59:26.09;-03:45:48.6;Aql;6.0;;;;;;;;;;;;;;;;;;;;;;;
LDN 569;DrkN;18:18:32.04;+01:31:15.6;Oph;334.1;;;;;;;;;;;;;;;;;;;;;;;
LDN 570;DrkN;18:26:34.34;-00:28:09.5;Ser;15.4;;;;;;;;;;;;;;;;;;;;;;;
LDN 571;DrkN;18:30:33.77;+00:02:07.8;Ser;22.6;;;;;;;;;;;;;;;;;;;;;;;
LDN 572;DrkN;18:30:33.77;+00:02:07.8;Ser;224.5;;;;;;;;;;;;;;;;;;;;;;;
LDN 573;DrkN;18:28:34.25;-00:23:01.0;Ser;9.7;;;;;;;;;;;;;;;;;;;;;;;
LDN 574;DrkN;19:07:08.78;-04:25:16.0;Aql;14.8;;;;;;;;;;;;;;;;;;;;;;;
LDN 575;DrkN;18:28:04.54;-00:38:03.1;Ser;16.8;;;;;;;;;;;;;;;;;;;;;;;
LDN 576;DrkN;18:31:28.25;-00:22:48.4;Ser;4.2;;;;;;;;;;;;;;;;;;;;;;;
LDN 577;DrkN;19:05:38.23;-03:55:22.4;Aql;53.1;;;;;;;;;;;;;;;;;;;;;;;
LDN 578;DrkN;18:31:10.39;-00:29:49.6;Ser;5.4;;;;;;;;;;;;;;;;;;;;;;;
LDN 579;DrkN;18:55:36.60;-02:26:04.9;Aql;78.5;;;;;;;;;;;;;;;;;;;;;;;
LDN 580;DrkN;19:08:38.40;-04:05:10.0;Aql;12.1;;;;;;;;;;;;;;;;;;;;;;;
LDN 581;DrkN;19:07:26.23;-03:55:14.9;Aql;16.1;;;;;;;;;;;;;;;;;;;;;;;
LDN 582;DrkN;18:52:36.02;-01:56:17.5;Aql;31.9;;;;;;;;;;;;;;;;;;;;;;;
LDN 583;DrkN;18:33:33.10;+00:37:20.6;Ser;17.4;;;;;;;;;;;;;;;;;;;;;;;
LDN 584;DrkN;18:56:36.41;-02:16:00.5;Aql;16.6;;;;;;;;;;;;;;;;;;;;;;;
LDN 585;DrkN;18:23:31.46;+02:01:37.2;Ser;68.9;;;;;;;;;;;;;;;;;;;;;;;
LDN 586;DrkN;18:39:03.77;+00:02:44.5;Ser;11.1;;;;;;;;;;;;;;;;;;;;;;;
LDN 587;DrkN;18:39:33.77;+00:02:46.7;Ser;18.3;;;;;;;;;;;;;;;;;;;;;;;
LDN 588;DrkN;18:36:04.34;-00:27:28.4;Ser;11.1;;;;;;;;;;;;;;;;;;;;;;;
LDN 589;DrkN;18:52:35.47;-01:26:17.5;Aql;77.8;;;;;;;;;;;;;;;;;;;;;;;
LDN 590;DrkN;19:06:37.20;-03:00:18.4;Aql;189.7;;;;;;;;;;;;;;;;;;;;;;;
LDN 591;DrkN;18:36:34.73;-00:47:26.2;Ser;34.5;;;;;;;;;;;;;;;;;;;;;;;
LDN 592;DrkN;18:28:31.46;+02:01:58.8;Ser;6.3;;;;;;;;;;;;;;;;;;;;;;;
LDN 593;DrkN;18:39:34.54;-00:37:13.4;Ser;40.8;;;;;;;;;;;;;;;;;;;;;;;
LDN 594;DrkN;19:00:35.81;-01:45:43.6;Aql;4.2;;;;;;;;;;;;;;;;;;;;;;;
LDN 595;DrkN;19:45:41.62;-07:22:39.4;Aql;13.7;;;;;;;;;;;;;;;;;;;;;;;
LDN 596;DrkN;18:48:09.58;+00:13:23.5;Aql;14.8;;;;;;;;;;;;;;;;;;;;;;;
LDN 597;DrkN;18:50:45.74;+00:04:34.7;Aql;8.0;;;;;;;;;;;;;;;;;;;;;;;
LDN 598;DrkN;18:46:45.00;+00:43:17.4;Aql;1.9;;;;;;;;;;;;;;;;;;;;;;;
LDN 599;DrkN;18:51:33.67;+00:08:38.0;Aql;8.9;;;;;;;;;;;;;;;;;;;;;;;
LDN 600;DrkN;18:30:30.48;+02:52:07.7;Ser;10.2;;;;;;;;;;;;;;;;;;;;;;;
LDN 601;DrkN;18:46:44.90;+00:48:17.6;Aql;1.9;;;;;;;;;;;;;;;;;;;;;;;
LDN 602;DrkN;18:51:33.91;-00:04:21.7;Aql;3.3;;;;;;;;;;;;;;;;;;;;;;;
LDN 603;DrkN;18:46:20.81;+00:53:15.7;Aql;3.8;;;;;;;;;;;;;;;;;;;;;;;
LDN 604;DrkN;18:51:33.58;+00:13:38.3;Aql;23.4;;;;;;;;;;;;;;;;;;;;;;;
LDN 605;DrkN;18:46:44.81;+00:53:17.5;Aql;2.7;;;;;;;;;;;;;;;;;;;;;;;
LDN 606;DrkN;18:51:34.03;-00:11:21.8;Aql;2.7;;;;;;;;;;;;;;;;;;;;;;;
LDN 607;DrkN;18:48:04.61;-00:41:37.0;Aql;23.0;;;;;;;;;;;;;;;;;;;;;;;
LDN 608;DrkN;18:51:34.32;-00:26:21.8;Aql;3.8;;;;;;;;;;;;;;;;;;;;;;;
LDN 609;DrkN;18:51:34.42;-00:31:21.7;Aql;3.3;;;;;;;;;;;;;;;;;;;;;;;
LDN 610;DrkN;18:49:34.80;-00:51:30.2;Aql;21.5;;;;;;;;;;;;;;;;;;;;;;;
LDN 611;DrkN;18:55:40.13;-00:16:04.4;Aql;7.3;;;;;;;;;;;;;;;;;;;;;;;
LDN 612;DrkN;18:55:58.32;-00:26:03.1;Aql;3.3;;;;;;;;;;;;;;;;;;;;;;;
LDN 613;DrkN;18:56:46.22;-00:20:59.6;Aql;5.0;;;;;;;;;;;;;;;;;;;;;;;
LDN 614;DrkN;18:56:46.22;-00:20:59.6;Aql;10.7;;;;;;;;;;;;;;;;;;;;;;;
LDN 615;DrkN;19:19:36.12;-02:04:24.2;Aql;69.7;;;;;;;;;;;;;;;;;;;;;;;
LDN 616;DrkN;18:47:31.46;+02:03:20.9;Aql;92.8;;;;;;;;;;;;;;;;;;;;;;;
LDN 617;DrkN;18:57:32.62;+01:04:03.7;Aql;51.8;;;;;;;;;;;;;;;;;;;;;;;
LDN 618;DrkN;19:15:35.21;-01:14:40.9;Aql;8.0;;;;;;;;;;;;;;;;;;;;;;;
LDN 619;DrkN;19:18:05.45;-01:27:30.6;Aql;7.6;;;;;;;;;;;;;;;;;;;;;;;
LDN 620;DrkN;19:20:35.11;-01:09:20.2;Aql;8.0;;;;;;;;;;;;;;;;;;;;;;;
LDN 621;DrkN;18:47:30.14;+03:13:21.0;Ser;402.5;;;;;;;;;;;;;;;;;;;;;;;
LDN 622;DrkN;19:11:34.20;-00:19:57.4;Aql;32.7;;;;;;;;;;;;;;;;;;;;;;;
LDN 623;DrkN;19:54:38.86;-04:52:04.4;Aql;107.2;;;;;;;;;;;;;;;;;;;;;;;
LDN 624;DrkN;19:05:32.06;+01:34:37.2;Aql;41.8;;;;;;;;;;;;;;;;;;;;;;;
LDN 625;DrkN;19:06:32.06;+01:34:41.5;Aql;2.7;;;;;;;;;;;;;;;;;;;;;;;
LDN 626;DrkN;19:06:31.97;+01:39:41.4;Aql;3.3;;;;;;;;;;;;;;;;;;;;;;;
LDN 627;DrkN;19:14:02.90;+00:50:12.8;Aql;103.7;;;;;;;;;;;;;;;;;;;;;;;
LDN 628;DrkN;18:58:29.95;+03:26:07.8;Aql;84.9;;;;;;;;;;;;;;;;;;;;;;;
LDN 629;DrkN;19:17:32.64;+01:05:27.2;Aql;37.6;;;;;;;;;;;;;;;;;;;;;;;
LDN 630;DrkN;18:38:56.83;+06:02:44.2;Ser;32.9;;;;;;;;;;;;;;;;;;;;;;;
LDN 631;DrkN;19:12:30.96;+02:35:06.7;Aql;8.5;;;;;;;;;;;;;;;;;;;;;;;
LDN 632;DrkN;19:20:32.09;+01:35:39.8;Aql;52.5;;;;;;;;;;;;;;;;;;;;;;;
LDN 633;DrkN;18:40:55.68;+07:02:52.8;Oph;16.4;;;;;;;;;;;;;;;;;;;;;;;
LDN 634;DrkN;18:41:25.10;+07:32:55.0;Oph;14.6;;;;;;;;;;;;;;;;;;;;;;;
LDN 635;DrkN;19:09:29.23;+04:07:54.1;Aql;1.9;;;;;;;;;;;;;;;;;;;;;;;
LDN 636;DrkN;19:06:28.61;+04:39:41.4;Aql;28.1;;;;;;;;;;;;;;;;;;;;;;;
LDN 637;DrkN;18:41:24.31;+08:12:55.1;Oph;10.4;;;;;;;;;;;;;;;;;;;;;;;
LDN 638;DrkN;18:50:25.46;+07:18:33.5;Aql;268.3;;;;;;;;;;;;;;;;;;;;;;;
LDN 639;DrkN;19:12:28.18;+05:05:06.4;Aql;70.2;;;;;;;;;;;;;;;;;;;;;;;
LDN 640;DrkN;19:22:29.35;+04:05:47.8;Aql;76.4;;;;;;;;;;;;;;;;;;;;;;;
LDN 641;DrkN;19:16:28.20;+05:05:22.9;Aql;37.0;;;;;;;;;;;;;;;;;;;;;;;
LDN 642;DrkN;19:19:28.22;+05:05:35.5;Aql;44.7;;;;;;;;;;;;;;;;;;;;;;;
LDN 643;DrkN;19:24:04.56;+04:49:54.5;Aql;7.3;;;;;;;;;;;;;;;;;;;;;;;
LDN 644;DrkN;19:19:26.57;+06:35:35.5;Aql;91.8;;;;;;;;;;;;;;;;;;;;;;;
LDN 645;DrkN;19:19:25.73;+07:20:35.5;Aql;134.2;;;;;;;;;;;;;;;;;;;;;;;
LDN 646;DrkN;19:14:24.82;+08:05:14.6;Aql;95.2;;;;;;;;;;;;;;;;;;;;;;;
LDN 647;DrkN;19:19:55.56;+07:30:37.4;Aql;27.2;;;;;;;;;;;;;;;;;;;;;;;
LDN 648;DrkN;18:39:18.96;+12:42:46.1;Her;6.3;;;;;;;;;;;;;;;;;;;;;;;
LDN 649;DrkN;19:12:24.14;+08:40:06.2;Aql;287.7;;;;;;;;;;;;;;;;;;;;;;;
LDN 650;DrkN;18:39:48.55;+13:02:48.1;Her;13.4;;;;;;;;;;;;;;;;;;;;;;;
LDN 651;DrkN;19:19:24.89;+08:05:35.5;Aql;9.5;;;;;;;;;;;;;;;;;;;;;;;
LDN 652;DrkN;19:18:24.50;+08:25:31.1;Aql;27.9;;;;;;;;;;;;;;;;;;;;;;;
LDN 653;DrkN;18:42:18.58;+13:02:58.9;Her;48.1;;;;;;;;;;;;;;;;;;;;;;;
LDN 654;DrkN;19:29:26.14;+07:06:16.2;Aql;128.1;;;;;;;;;;;;;;;;;;;;;;;
LDN 655;DrkN;19:20:18.41;+08:32:39.1;Aql;8.5;;;;;;;;;;;;;;;;;;;;;;;
LDN 656;DrkN;19:21:18.50;+08:27:43.2;Aql;1.9;;;;;;;;;;;;;;;;;;;;;;;
LDN 657;DrkN;19:21:24.02;+08:53:43.4;Aql;16.4;;;;;;;;;;;;;;;;;;;;;;;
LDN 658;DrkN;19:20:53.78;+09:05:41.6;Aql;7.6;;;;;;;;;;;;;;;;;;;;;;;
LDN 659;DrkN;18:41:17.35;+14:02:54.6;Her;72.5;;;;;;;;;;;;;;;;;;;;;;;
LDN 660;DrkN;18:37:16.70;+14:32:37.3;Her;90.6;;;;;;;;;;;;;;;;;;;;;;;
LDN 661;DrkN;19:21:47.81;+09:05:45.2;Aql;5.4;;;;;;;;;;;;;;;;;;;;;;;
LDN 662;DrkN;18:57:19.58;+12:24:03.2;Her;38.7;;;;;;;;;;;;;;;;;;;;;;;
LDN 663;DrkN;19:36:55.75;+07:33:46.4;Aql;4.2;;;;;;;;;;;;;;;;;;;;;;;
LDN 664;DrkN;19:20:53.04;+09:45:41.4;Aql;25.7;;;;;;;;;;;;;;;;;;;;;;;
LDN 665;DrkN;18:39:46.32;+14:52:48.0;Her;16.6;;;;;;;;;;;;;;;;;;;;;;;
LDN 666;DrkN;18:40:46.13;+15:02:52.4;Her;21.7;;;;;;;;;;;;;;;;;;;;;;;
LDN 667;DrkN;19:05:20.09;+12:04:36.8;Aql;97.3;;;;;;;;;;;;;;;;;;;;;;;
LDN 668;DrkN;19:43:26.06;+07:22:12.4;Aql;11.5;;;;;;;;;;;;;;;;;;;;;;;
LDN 669;DrkN;19:02:19.18;+12:49:24.2;Aql;67.9;;;;;;;;;;;;;;;;;;;;;;;
LDN 670;DrkN;19:42:25.78;+07:37:08.4;Aql;24.6;;;;;;;;;;;;;;;;;;;;;;;
LDN 671;DrkN;19:37:24.79;+08:26:48.5;Aql;19.2;;;;;;;;;;;;;;;;;;;;;;;
LDN 672;DrkN;19:47:26.38;+07:07:27.8;Aql;49.7;;;;;;;;;;;;;;;;;;;;;;;
LDN 673;DrkN;19:20:51.34;+11:15:41.4;Aql;26.8;;;;;;;;;;;;;;;;;;;;;;;
LDN 674;DrkN;19:28:22.42;+10:26:12.1;Aql;40.6;;;;;;;;;;;;;;;;;;;;;;;
LDN 675;DrkN;19:23:57.58;+11:05:54.2;Aql;3.3;;;;;;;;;;;;;;;;;;;;;;;
LDN 676;DrkN;19:21:33.07;+11:30:44.3;Aql;4.6;;;;;;;;;;;;;;;;;;;;;;;
LDN 677;DrkN;19:22:21.02;+11:33:47.5;Aql;4.6;;;;;;;;;;;;;;;;;;;;;;;
LDN 678;DrkN;19:44:24.74;+08:37:16.3;Aql;13.4;;;;;;;;;;;;;;;;;;;;;;;
LDN 679;DrkN;19:13:19.46;+12:45:10.4;Aql;58.0;;;;;;;;;;;;;;;;;;;;;;;
LDN 680;DrkN;19:44:42.72;+08:38:17.2;Aql;5.0;;;;;;;;;;;;;;;;;;;;;;;
LDN 681;DrkN;19:44:24.55;+08:47:16.1;Aql;15.4;;;;;;;;;;;;;;;;;;;;;;;
LDN 682;DrkN;19:28:51.86;+10:56:13.9;Aql;13.7;;;;;;;;;;;;;;;;;;;;;;;
LDN 683;DrkN;19:21:20.59;+11:55:43.3;Aql;19.3;;;;;;;;;;;;;;;;;;;;;;;
LDN 684;DrkN;19:21:50.02;+12:25:45.5;Aql;25.8;;;;;;;;;;;;;;;;;;;;;;;
LDN 685;DrkN;19:29:51.34;+11:26:18.2;Aql;11.5;;;;;;;;;;;;;;;;;;;;;;;
LDN 686;DrkN;19:23:20.06;+12:25:51.6;Aql;5.7;;;;;;;;;;;;;;;;;;;;;;;
LDN 687;DrkN;19:38:34.66;+10:24:53.3;Aql;4.6;;;;;;;;;;;;;;;;;;;;;;;
LDN 688;DrkN;19:38:46.61;+10:28:53.8;Aql;7.6;;;;;;;;;;;;;;;;;;;;;;;
LDN 689;DrkN;19:40:22.85;+10:17:00.2;Aql;14.3;;;;;;;;;;;;;;;;;;;;;;;
LDN 690;DrkN;19:40:40.80;+10:20:01.3;Aql;11.2;;;;;;;;;;;;;;;;;;;;;;;
LDN 691;DrkN;19:29:20.76;+11:56:16.1;Aql;15.1;;;;;;;;;;;;;;;;;;;;;;;
LDN 692;DrkN;19:22:19.46;+12:55:47.6;Aql;13.4;;;;;;;;;;;;;;;;;;;;;;;
LDN 693;DrkN;19:10:17.35;+14:29:57.8;Aql;247.4;;;;;;;;;;;;;;;;;;;;;;;
LDN 694;DrkN;19:40:40.13;+10:57:01.4;Aql;19.8;;;;;;;;;;;;;;;;;;;;;;;
LDN 695;DrkN;19:44:22.75;+10:27:16.2;Aql;35.5;;;;;;;;;;;;;;;;;;;;;;;
LDN 696;DrkN;19:29:20.02;+12:36:16.2;Aql;8.3;;;;;;;;;;;;;;;;;;;;;;;
LDN 697;DrkN;19:02:15.26;+16:04:24.2;Aql;44.9;;;;;;;;;;;;;;;;;;;;;;;
LDN 698;DrkN;19:26:07.37;+13:06:02.9;Aql;6.6;;;;;;;;;;;;;;;;;;;;;;;
LDN 699;DrkN;19:29:19.82;+12:46:16.0;Aql;8.5;;;;;;;;;;;;;;;;;;;;;;;
LDN 700;DrkN;19:41:15.82;+11:15:04.0;Aql;4.2;;;;;;;;;;;;;;;;;;;;;;;
LDN 701;DrkN;19:34:56.52;+12:16:38.6;Aql;7.6;;;;;;;;;;;;;;;;;;;;;;;
LDN 702;DrkN;19:36:26.54;+12:16:44.8;Aql;4.2;;;;;;;;;;;;;;;;;;;;;;;
LDN 703;DrkN;19:47:34.42;+10:50:28.7;Aql;8.5;;;;;;;;;;;;;;;;;;;;;;;
LDN 704;DrkN;19:26:48.60;+13:46:05.9;Aql;18.7;;;;;;;;;;;;;;;;;;;;;;;
LDN 705;DrkN;19:36:50.38;+12:26:46.3;Aql;17.6;;;;;;;;;;;;;;;;;;;;;;;
LDN 706;DrkN;18:20:07.25;+21:45:23.4;Her;5.4;;;;;;;;;;;;;;;;;;;;;;;
LDN 707;DrkN;19:48:39.77;+11:27:32.8;Aql;9.3;;;;;;;;;;;;;;;;;;;;;;;
LDN 708;DrkN;19:02:13.42;+17:34:23.9;Aql;8.5;;;;;;;;;;;;;;;;;;;;;;;
LDN 709;DrkN;19:14:15.14;+16:25:14.5;Sge;2.7;;;;;;;;;;;;;;;;;;;;;;;
LDN 710;DrkN;19:02:12.82;+18:04:23.9;Aql;12.7;;;;;;;;;;;;;;;;;;;;;;;
LDN 711;DrkN;19:02:12.82;+18:04:23.9;Aql;147.0;;;;;;;;;;;;;;;;;;;;;;;
LDN 712;DrkN;18:59:12.12;+18:34:11.3;Aql;55.8;;;;;;;;;;;;;;;;;;;;;;;
LDN 713;DrkN;19:12:14.28;+17:05:06.0;Sge;120.0;;;;;;;;;;;;;;;;;;;;;;;
LDN 714;DrkN;19:12:13.27;+17:55:05.9;Sge;5.7;;;;;;;;;;;;;;;;;;;;;;;
LDN 715;DrkN;19:05:11.64;+19:04:36.5;Sge;20.3;;;;;;;;;;;;;;;;;;;;;;;
LDN 716;DrkN;19:23:14.62;+17:05:51.4;Sge;224.5;;;;;;;;;;;;;;;;;;;;;;;
LDN 717;DrkN;19:16:13.30;+18:00:22.7;Sge;23.0;;;;;;;;;;;;;;;;;;;;;;;
LDN 718;DrkN;19:12:12.46;+18:35:06.0;Sge;43.4;;;;;;;;;;;;;;;;;;;;;;;
LDN 719;DrkN;19:03:10.75;+19:44:28.3;Sge;17.8;;;;;;;;;;;;;;;;;;;;;;;
LDN 720;DrkN;19:37:16.99;+15:26:48.1;Aql;158.7;;;;;;;;;;;;;;;;;;;;;;;
LDN 721;DrkN;19:31:15.36;+16:41:24.0;Sge;261.5;;;;;;;;;;;;;;;;;;;;;;;
LDN 722;DrkN;19:24:13.03;+18:25:55.6;Sge;9.1;;;;;;;;;;;;;;;;;;;;;;;
LDN 723;DrkN;19:18:11.86;+19:13:30.7;Sge;6.0;;;;;;;;;;;;;;;;;;;;;;;
LDN 724;DrkN;19:12:10.58;+20:05:06.0;Sge;147.0;;;;;;;;;;;;;;;;;;;;;;;
LDN 725;DrkN;19:28:13.49;+18:10:11.6;Sge;4.2;;;;;;;;;;;;;;;;;;;;;;;
LDN 726;DrkN;19:46:16.73;+15:57:23.8;Aql;10.4;;;;;;;;;;;;;;;;;;;;;;;
LDN 727;DrkN;19:31:13.49;+18:16:23.9;Sge;8.0;;;;;;;;;;;;;;;;;;;;;;;
LDN 728;DrkN;19:09:09.22;+21:04:53.4;Sge;60.0;;;;;;;;;;;;;;;;;;;;;;;
LDN 729;DrkN;19:40:21.00;+17:17:00.2;Sge;9.1;;;;;;;;;;;;;;;;;;;;;;;
LDN 730;DrkN;19:20:11.06;+19:55:39.0;Sge;9.1;;;;;;;;;;;;;;;;;;;;;;;
LDN 731;DrkN;19:38:14.52;+17:36:52.2;Sge;31.2;;;;;;;;;;;;;;;;;;;;;;;
LDN 732;DrkN;19:19:40.73;+20:10:36.8;Sge;8.0;;;;;;;;;;;;;;;;;;;;;;;
LDN 733;DrkN;19:44:15.34;+17:07:16.0;Sge;37.9;;;;;;;;;;;;;;;;;;;;;;;
LDN 734;DrkN;19:08:07.90;+22:04:49.1;Vul;48.7;;;;;;;;;;;;;;;;;;;;;;;
LDN 735;DrkN;19:22:10.51;+20:25:47.3;Vul;8.3;;;;;;;;;;;;;;;;;;;;;;;
LDN 736;DrkN;19:14:08.76;+21:35:14.3;Vul;48.7;;;;;;;;;;;;;;;;;;;;;;;
LDN 737;DrkN;19:40:13.82;+18:16:59.9;Sge;16.6;;;;;;;;;;;;;;;;;;;;;;;
LDN 738;DrkN;19:21:09.84;+20:55:43.0;Vul;14.9;;;;;;;;;;;;;;;;;;;;;;;
LDN 739;DrkN;19:24:10.37;+20:35:55.3;Vul;37.2;;;;;;;;;;;;;;;;;;;;;;;
LDN 740;DrkN;19:28:11.16;+20:06:11.5;Vul;117.0;;;;;;;;;;;;;;;;;;;;;;;
LDN 741;DrkN;19:21:09.65;+21:05:43.1;Vul;158.7;;;;;;;;;;;;;;;;;;;;;;;
LDN 742;DrkN;19:33:11.95;+19:36:32.0;Vul;13.0;;;;;;;;;;;;;;;;;;;;;;;
LDN 743;DrkN;19:38:24.96;+18:56:52.8;Sge;7.1;;;;;;;;;;;;;;;;;;;;;;;
LDN 744;DrkN;19:19:27.14;+21:25:36.1;Vul;9.9;;;;;;;;;;;;;;;;;;;;;;;
LDN 745;DrkN;19:48:14.74;+17:47:31.6;Sge;42.0;;;;;;;;;;;;;;;;;;;;;;;
LDN 746;DrkN;19:22:09.43;+21:17:47.0;Vul;11.2;;;;;;;;;;;;;;;;;;;;;;;
LDN 747;DrkN;19:41:13.18;+18:52:04.1;Sge;7.8;;;;;;;;;;;;;;;;;;;;;;;
LDN 748;DrkN;19:25:09.79;+21:05:59.3;Vul;45.3;;;;;;;;;;;;;;;;;;;;;;;
LDN 749;DrkN;19:15:07.70;+22:25:18.1;Vul;32.6;;;;;;;;;;;;;;;;;;;;;;;
LDN 750;DrkN;19:18:08.26;+22:05:30.5;Vul;169.7;;;;;;;;;;;;;;;;;;;;;;;
LDN 751;DrkN;19:21:02.81;+21:44:42.7;Vul;3.3;;;;;;;;;;;;;;;;;;;;;;;
LDN 752;DrkN;19:38:54.29;+19:31:54.8;Vul;6.6;;;;;;;;;;;;;;;;;;;;;;;
LDN 753;DrkN;19:48:14.16;+18:17:31.6;Sge;4.2;;;;;;;;;;;;;;;;;;;;;;;
LDN 754;DrkN;19:47:13.63;+18:42:27.7;Sge;5.4;;;;;;;;;;;;;;;;;;;;;;;
LDN 755;DrkN;19:27:09.46;+21:26:07.4;Vul;24.5;;;;;;;;;;;;;;;;;;;;;;;
LDN 756;DrkN;19:27:39.48;+21:26:09.6;Vul;5.0;;;;;;;;;;;;;;;;;;;;;;;
LDN 757;DrkN;19:42:12.38;+19:34:07.7;Vul;10.9;;;;;;;;;;;;;;;;;;;;;;;
LDN 758;DrkN;19:46:43.32;+18:57:25.6;Sge;10.2;;;;;;;;;;;;;;;;;;;;;;;
LDN 759;DrkN;19:10:05.33;+24:04:57.4;Vul;35.9;;;;;;;;;;;;;;;;;;;;;;;
LDN 760;DrkN;19:30:09.07;+21:51:19.8;Vul;6.0;;;;;;;;;;;;;;;;;;;;;;;
LDN 761;DrkN;19:36:10.25;+21:06:43.9;Vul;20.4;;;;;;;;;;;;;;;;;;;;;;;
LDN 762;DrkN;19:19:54.94;+23:10:37.9;Vul;6.0;;;;;;;;;;;;;;;;;;;;;;;
LDN 763;DrkN;19:18:36.55;+23:25:32.5;Vul;5.4;;;;;;;;;;;;;;;;;;;;;;;
LDN 764;DrkN;19:19:06.58;+23:25:34.7;Vul;16.9;;;;;;;;;;;;;;;;;;;;;;;
LDN 765;DrkN;19:44:11.62;+20:17:15.7;Vul;12.0;;;;;;;;;;;;;;;;;;;;;;;
LDN 766;DrkN;19:49:12.65;+19:37:35.4;Vul;61.2;;;;;;;;;;;;;;;;;;;;;;;
LDN 767;DrkN;19:25:07.68;+22:45:59.4;Vul;26.9;;;;;;;;;;;;;;;;;;;;;;;
LDN 768;DrkN;19:28:08.04;+22:36:11.5;Vul;20.0;;;;;;;;;;;;;;;;;;;;;;;
LDN 769;DrkN;19:24:07.22;+23:05:55.3;Vul;7.6;;;;;;;;;;;;;;;;;;;;;;;
LDN 770;DrkN;19:32:08.83;+22:06:27.7;Vul;35.2;;;;;;;;;;;;;;;;;;;;;;;
LDN 771;DrkN;19:20:42.50;+23:31:41.2;Vul;4.2;;;;;;;;;;;;;;;;;;;;;;;
LDN 772;DrkN;19:25:07.25;+23:05:59.3;Vul;15.6;;;;;;;;;;;;;;;;;;;;;;;
LDN 773;DrkN;19:22:30.72;+23:25:48.7;Vul;3.8;;;;;;;;;;;;;;;;;;;;;;;
LDN 774;DrkN;19:22:54.72;+23:25:50.2;Vul;2.7;;;;;;;;;;;;;;;;;;;;;;;
LDN 775;DrkN;19:23:36.77;+23:25:53.0;Vul;9.5;;;;;;;;;;;;;;;;;;;;;;;
LDN 776;DrkN;19:35:08.98;+22:06:40.0;Vul;43.6;;;;;;;;;;;;;;;;;;;;;;;
LDN 777;DrkN;19:12:04.08;+25:05:05.6;Vul;28.5;;;;;;;;;;;;;;;;;;;;;;;
LDN 778;DrkN;19:27:06.60;+23:41:07.4;Vul;12.4;;;;;;;;;;;;;;;;;;;;;;;
LDN 779;DrkN;19:30:07.15;+23:21:19.8;Vul;22.4;;;;;;;;;;;;;;;;;;;;;;;
LDN 780;DrkN;19:14:03.70;+25:25:13.8;Vul;21.4;;;;;;;;;;;;;;;;;;;;;;;
LDN 781;DrkN;19:28:06.53;+23:46:11.6;Vul;13.0;;;;;;;;;;;;;;;;;;;;;;;
LDN 782;DrkN;19:28:06.31;+23:56:11.4;Vul;6.0;;;;;;;;;;;;;;;;;;;;;;;
LDN 783;DrkN;19:27:06.05;+24:06:07.6;Vul;13.4;;;;;;;;;;;;;;;;;;;;;;;
LDN 784;DrkN;19:29:06.14;+24:06:15.5;Vul;37.5;;;;;;;;;;;;;;;;;;;;;;;
LDN 785;DrkN;19:34:06.41;+24:06:35.6;Vul;5.0;;;;;;;;;;;;;;;;;;;;;;;
LDN 786;DrkN;19:31:35.83;+24:26:25.8;Vul;11.7;;;;;;;;;;;;;;;;;;;;;;;
LDN 787;DrkN;19:53:09.89;+22:07:50.9;Vul;293.9;;;;;;;;;;;;;;;;;;;;;;;
LDN 788;DrkN;19:33:35.52;+24:46:33.6;Vul;5.0;;;;;;;;;;;;;;;;;;;;;;;
LDN 789;DrkN;19:49:37.87;+23:37:37.2;Vul;7.1;;;;;;;;;;;;;;;;;;;;;;;
LDN 790;DrkN;19:35:04.39;+25:41:39.8;Vul;4.2;;;;;;;;;;;;;;;;;;;;;;;
LDN 791;DrkN;19:49:37.46;+23:57:37.1;Vul;18.5;;;;;;;;;;;;;;;;;;;;;;;
LDN 792;DrkN;19:37:04.51;+25:41:47.8;Vul;22.8;;;;;;;;;;;;;;;;;;;;;;;
LDN 793;DrkN;19:39:34.97;+25:26:57.8;Vul;15.4;;;;;;;;;;;;;;;;;;;;;;;
LDN 794;DrkN;19:37:03.29;+26:36:47.5;Vul;31.6;;;;;;;;;;;;;;;;;;;;;;;
LDN 795;DrkN;19:37:03.29;+26:36:47.5;Vul;31.6;;;;;;;;;;;;;;;;;;;;;;;
LDN 796;DrkN;19:44:04.03;+26:22:15.6;Vul;7.1;;;;;;;;;;;;;;;;;;;;;;;
LDN 797;DrkN;20:05:39.05;+23:28:38.3;Vul;6.8;;;;;;;;;;;;;;;;;;;;;;;
LDN 798;DrkN;19:47:04.56;+26:07:27.1;Vul;94.9;;;;;;;;;;;;;;;;;;;;;;;
LDN 799;DrkN;19:42:33.19;+26:57:09.4;Vul;9.7;;;;;;;;;;;;;;;;;;;;;;;
LDN 800;DrkN;19:44:03.50;+26:47:15.4;Vul;11.4;;;;;;;;;;;;;;;;;;;;;;;
LDN 801;DrkN;20:03:25.90;+24:18:29.9;Vul;12.1;;;;;;;;;;;;;;;;;;;;;;;
LDN 802;DrkN;19:59:42.84;+24:58:16.0;Vul;4.2;;;;;;;;;;;;;;;;;;;;;;;
LDN 803;DrkN;19:42:20.74;+27:17:08.9;Vul;8.3;;;;;;;;;;;;;;;;;;;;;;;
LDN 804;DrkN;19:42:50.81;+27:15:10.8;Vul;8.0;;;;;;;;;;;;;;;;;;;;;;;
LDN 805;DrkN;20:01:37.25;+24:45:23.0;Vul;4.2;;;;;;;;;;;;;;;;;;;;;;;
LDN 806;DrkN;19:44:21.07;+27:07:16.7;Vul;4.6;;;;;;;;;;;;;;;;;;;;;;;
LDN 807;DrkN;19:43:38.69;+27:22:13.8;Vul;9.5;;;;;;;;;;;;;;;;;;;;;;;
LDN 808;DrkN;19:45:02.90;+27:17:19.3;Vul;7.1;;;;;;;;;;;;;;;;;;;;;;;
LDN 809;DrkN;20:04:06.94;+25:08:32.6;Vul;89.0;;;;;;;;;;;;;;;;;;;;;;;
LDN 810;DrkN;19:45:02.02;+27:57:19.4;Cyg;13.0;;;;;;;;;;;;;;;;;;;;;;;
LDN 811;DrkN;19:40:00.43;+28:51:59.4;Cyg;30.2;;;;;;;;;;;;;;;;;;;;;;;
LDN 812;DrkN;19:45:01.22;+28:32:19.3;Cyg;22.8;;;;;;;;;;;;;;;;;;;;;;;
LDN 813;DrkN;19:43:00.29;+29:07:11.3;Cyg;28.4;;;;;;;;;;;;;;;;;;;;;;;
LDN 814;DrkN;20:04:04.97;+26:43:32.5;Vul;10.7;;;;;;;;;;;;;;;;;;;;;;;
LDN 815;DrkN;19:47:00.58;+29:07:27.1;Vul;91.4;;;;;;;;;;;;;;;;;;;;;;;
LDN 816;DrkN;19:35:57.82;+30:31:43.3;Cyg;9.5;;;;;;;;;;;;;;;;;;;;;;;
LDN 817;DrkN;19:40:58.75;+30:07:03.4;Cyg;134.2;;;;;;;;;;;;;;;;;;;;;;;
LDN 818;DrkN;20:17:06.70;+26:09:20.5;Vul;189.7;;;;;;;;;;;;;;;;;;;;;;;
LDN 819;DrkN;19:47:58.92;+30:22:31.1;Cyg;20.6;;;;;;;;;;;;;;;;;;;;;;;
LDN 820;DrkN;19:44:57.86;+30:57:19.1;Cyg;36.9;;;;;;;;;;;;;;;;;;;;;;;
LDN 821;DrkN;19:37:07.08;+32:26:48.1;Cyg;5.0;;;;;;;;;;;;;;;;;;;;;;;
LDN 822;DrkN;19:46:56.35;+32:07:27.1;Cyg;93.1;;;;;;;;;;;;;;;;;;;;;;;
LDN 823;DrkN;20:09:00.98;+30:08:51.0;Cyg;72.0;;;;;;;;;;;;;;;;;;;;;;;
LDN 824;DrkN;20:16:02.59;+29:24:16.9;Cyg;27.6;;;;;;;;;;;;;;;;;;;;;;;
LDN 825;DrkN;19:51:55.30;+33:07:46.6;Cyg;85.9;;;;;;;;;;;;;;;;;;;;;;;
LDN 826;DrkN;19:48:54.43;+33:32:34.8;Cyg;14.1;;;;;;;;;;;;;;;;;;;;;;;
LDN 827;DrkN;20:18:02.40;+29:42:24.1;Cyg;14.1;;;;;;;;;;;;;;;;;;;;;;;
LDN 828;DrkN;19:50:54.60;+33:32:42.4;Cyg;8.3;;;;;;;;;;;;;;;;;;;;;;;
LDN 829;DrkN;19:53:12.96;+33:26:51.4;Cyg;6.3;;;;;;;;;;;;;;;;;;;;;;;
LDN 830;DrkN;19:51:54.34;+33:46:46.2;Cyg;7.3;;;;;;;;;;;;;;;;;;;;;;;
LDN 831;DrkN;19:53:54.62;+33:42:54.0;Cyg;6.6;;;;;;;;;;;;;;;;;;;;;;;
LDN 832;DrkN;19:54:54.65;+33:45:58.0;Cyg;8.9;;;;;;;;;;;;;;;;;;;;;;;
LDN 833;DrkN;19:54:54.58;+33:47:57.8;Cyg;73.5;;;;;;;;;;;;;;;;;;;;;;;
LDN 834;DrkN;19:53:53.59;+34:23:53.9;Cyg;7.3;;;;;;;;;;;;;;;;;;;;;;;
LDN 835;DrkN;19:53:23.11;+34:40:52.0;Cyg;7.1;;;;;;;;;;;;;;;;;;;;;;;
LDN 836;DrkN;19:53:23.06;+34:42:52.2;Cyg;6.6;;;;;;;;;;;;;;;;;;;;;;;
LDN 837;DrkN;20:23:55.58;+30:46:45.1;Cyg;5.4;;;;;;;;;;;;;;;;;;;;;;;
LDN 838;DrkN;20:24:01.61;+30:46:45.5;Cyg;5.4;;;;;;;;;;;;;;;;;;;;;;;
LDN 839;DrkN;19:59:54.58;+34:08:17.2;Cyg;71.0;;;;;;;;;;;;;;;;;;;;;;;
LDN 840;DrkN;19:54:16.51;+35:07:55.6;Cyg;19.9;;;;;;;;;;;;;;;;;;;;;;;
LDN 841;DrkN;20:10:57.10;+33:08:58.2;Cyg;328.6;;;;;;;;;;;;;;;;;;;;;;;
LDN 842;DrkN;20:19:59.62;+31:59:31.2;Cyg;7.6;;;;;;;;;;;;;;;;;;;;;;;
LDN 843;DrkN;20:20:41.76;+31:55:33.6;Cyg;5.0;;;;;;;;;;;;;;;;;;;;;;;
LDN 844;DrkN;20:30:26.40;+30:40:08.0;Cyg;8.5;;;;;;;;;;;;;;;;;;;;;;;
LDN 845;DrkN;20:05:00.74;+34:21:36.4;Cyg;26.8;;;;;;;;;;;;;;;;;;;;;;;
LDN 846;DrkN;20:42:05.42;+29:10:47.6;Vul;103.9;;;;;;;;;;;;;;;;;;;;;;;
LDN 847;DrkN;20:01:53.28;+35:08:24.7;Cyg;103.9;;;;;;;;;;;;;;;;;;;;;;;
LDN 848;DrkN;20:05:18.05;+34:51:37.4;Cyg;6.3;;;;;;;;;;;;;;;;;;;;;;;
LDN 849;DrkN;20:04:35.62;+35:06:34.6;Cyg;6.3;;;;;;;;;;;;;;;;;;;;;;;
LDN 850;DrkN;20:11:55.78;+34:09:01.8;Cyg;53.7;;;;;;;;;;;;;;;;;;;;;;;
LDN 851;DrkN;20:30:19.13;+31:40:07.7;Cyg;8.5;;;;;;;;;;;;;;;;;;;;;;;
LDN 852;DrkN;20:05:53.69;+35:08:39.5;Cyg;10.4;;;;;;;;;;;;;;;;;;;;;;;
LDN 853;DrkN;20:06:53.66;+35:13:43.3;Cyg;2.7;;;;;;;;;;;;;;;;;;;;;;;
LDN 854;DrkN;19:57:50.95;+36:23:09.2;Cyg;19.7;;;;;;;;;;;;;;;;;;;;;;;
LDN 855;DrkN;19:58:33.02;+36:23:12.1;Cyg;5.4;;;;;;;;;;;;;;;;;;;;;;;
LDN 856;DrkN;20:08:11.88;+35:10:48.0;Cyg;7.3;;;;;;;;;;;;;;;;;;;;;;;
LDN 857;DrkN;20:01:51.74;+36:08:24.4;Cyg;53.7;;;;;;;;;;;;;;;;;;;;;;;
LDN 858;DrkN;20:11:06.55;+34:56:58.9;Cyg;26.8;;;;;;;;;;;;;;;;;;;;;;;
LDN 859;DrkN;20:31:24.38;+32:20:11.4;Cyg;7.3;;;;;;;;;;;;;;;;;;;;;;;
LDN 860;DrkN;20:04:52.20;+36:03:35.6;Cyg;1.9;;;;;;;;;;;;;;;;;;;;;;;
LDN 861;DrkN;20:00:26.62;+36:46:19.2;Cyg;4.2;;;;;;;;;;;;;;;;;;;;;;;
LDN 862;DrkN;20:06:51.00;+36:58:43.3;Cyg;53.7;;;;;;;;;;;;;;;;;;;;;;;
LDN 863;DrkN;20:07:44.90;+37:06:46.4;Cyg;4.2;;;;;;;;;;;;;;;;;;;;;;;
LDN 864;DrkN;20:42:01.82;+32:10:47.3;Cyg;134.2;;;;;;;;;;;;;;;;;;;;;;;
LDN 865;DrkN;20:04:13.44;+37:46:33.6;Cyg;16.4;;;;;;;;;;;;;;;;;;;;;;;
LDN 866;DrkN;20:07:07.78;+37:46:44.4;Cyg;24.9;;;;;;;;;;;;;;;;;;;;;;;
LDN 867;DrkN;19:59:53.40;+38:43:17.0;Cyg;6.3;;;;;;;;;;;;;;;;;;;;;;;
LDN 868;DrkN;20:47:02.42;+32:11:03.8;Cyg;48.5;;;;;;;;;;;;;;;;;;;;;;;
LDN 869;DrkN;19:59:46.13;+39:28:16.7;Cyg;11.1;;;;;;;;;;;;;;;;;;;;;;;
LDN 870;DrkN;20:36:57.31;+35:10:30.4;Cyg;300.0;;;;;;;;;;;;;;;;;;;;;;;
LDN 871;DrkN;20:05:46.30;+39:48:39.2;Cyg;15.6;;;;;;;;;;;;;;;;;;;;;;;
LDN 872;DrkN;20:01:44.66;+40:28:24.2;Cyg;17.3;;;;;;;;;;;;;;;;;;;;;;;
LDN 873;DrkN;20:40:57.84;+35:10:44.0;Cyg;59.4;;;;;;;;;;;;;;;;;;;;;;;
LDN 874;DrkN;20:41:57.96;+35:10:47.3;Cyg;59.4;;;;;;;;;;;;;;;;;;;;;;;
LDN 875;DrkN;20:07:46.27;+39:58:46.9;Cyg;3.8;;;;;;;;;;;;;;;;;;;;;;;
LDN 876;DrkN;20:09:16.61;+39:53:52.4;Cyg;10.2;;;;;;;;;;;;;;;;;;;;;;;
LDN 877;DrkN;20:14:17.26;+39:54:10.8;Cyg;5.0;;;;;;;;;;;;;;;;;;;;;;;
LDN 878;DrkN;20:08:45.24;+40:39:50.4;Cyg;3.3;;;;;;;;;;;;;;;;;;;;;;;
LDN 879;DrkN;20:20:49.08;+39:19:34.3;Cyg;3.8;;;;;;;;;;;;;;;;;;;;;;;
LDN 880;DrkN;20:13:46.49;+40:19:09.1;Cyg;7.3;;;;;;;;;;;;;;;;;;;;;;;
LDN 881;DrkN;20:17:47.86;+39:49:23.5;Cyg;4.2;;;;;;;;;;;;;;;;;;;;;;;
LDN 882;DrkN;20:19:18.34;+39:39:28.8;Cyg;2.7;;;;;;;;;;;;;;;;;;;;;;;
LDN 883;DrkN;20:19:48.41;+39:39:30.6;Cyg;3.3;;;;;;;;;;;;;;;;;;;;;;;
LDN 884;DrkN;20:05:43.42;+41:28:39.4;Cyg;66.5;;;;;;;;;;;;;;;;;;;;;;;
LDN 885;DrkN;20:09:14.47;+41:08:52.4;Cyg;2.7;;;;;;;;;;;;;;;;;;;;;;;
LDN 886;DrkN;20:18:47.74;+39:59:27.2;Cyg;61.5;;;;;;;;;;;;;;;;;;;;;;;
LDN 887;DrkN;20:03:41.35;+42:28:31.8;Cyg;8.3;;;;;;;;;;;;;;;;;;;;;;;
LDN 888;DrkN;20:18:46.63;+40:39:27.0;Cyg;126.7;;;;;;;;;;;;;;;;;;;;;;;
LDN 889;DrkN;20:24:48.31;+40:09:48.6;Cyg;53.7;;;;;;;;;;;;;;;;;;;;;;;
LDN 890;DrkN;20:03:40.58;+42:53:31.6;Cyg;13.9;;;;;;;;;;;;;;;;;;;;;;;
LDN 891;DrkN;20:13:43.63;+41:59:08.9;Cyg;6.3;;;;;;;;;;;;;;;;;;;;;;;
LDN 892;DrkN;20:15:44.21;+41:49:16.3;Cyg;13.9;;;;;;;;;;;;;;;;;;;;;;;
LDN 893;DrkN;20:12:43.06;+42:14:05.3;Cyg;11.1;;;;;;;;;;;;;;;;;;;;;;;
LDN 894;DrkN;20:15:44.06;+41:54:16.2;Cyg;3.8;;;;;;;;;;;;;;;;;;;;;;;
LDN 895;DrkN;20:15:42.74;+42:39:16.2;Cyg;142.5;;;;;;;;;;;;;;;;;;;;;;;
LDN 896;DrkN;20:41:51.62;+39:40:47.3;Cyg;10.0;;;;;;;;;;;;;;;;;;;;;;;
LDN 897;DrkN;20:24:44.98;+42:09:48.6;Cyg;20.0;;;;;;;;;;;;;;;;;;;;;;;
LDN 898;DrkN;20:41:51.36;+39:50:47.0;Cyg;15.9;;;;;;;;;;;;;;;;;;;;;;;
LDN 899;DrkN;20:23:43.94;+42:39:45.0;Cyg;8.0;;;;;;;;;;;;;;;;;;;;;;;
LDN 900;DrkN;20:24:43.97;+42:44:48.5;Cyg;7.6;;;;;;;;;;;;;;;;;;;;;;;
LDN 901;DrkN;20:21:30.43;+43:19:36.8;Cyg;4.6;;;;;;;;;;;;;;;;;;;;;;;
LDN 902;DrkN;20:21:42.46;+43:19:37.6;Cyg;1.9;;;;;;;;;;;;;;;;;;;;;;;
LDN 903;DrkN;20:08:37.13;+45:03:50.4;Cyg;4.2;;;;;;;;;;;;;;;;;;;;;;;
LDN 904;DrkN;20:52:54.10;+39:11:23.3;Cyg;169.7;;;;;;;;;;;;;;;;;;;;;;;
LDN 905;DrkN;20:09:36.79;+45:18:54.0;Cyg;8.0;;;;;;;;;;;;;;;;;;;;;;;
LDN 906;DrkN;20:36:46.90;+42:10:30.0;Cyg;238.3;;;;;;;;;;;;;;;;;;;;;;;
LDN 907;DrkN;20:45:14.14;+41:00:58.3;Cyg;13.0;;;;;;;;;;;;;;;;;;;;;;;
LDN 908;DrkN;20:19:38.74;+45:09:30.6;Cyg;36.3;;;;;;;;;;;;;;;;;;;;;;;
LDN 909;DrkN;20:19:38.74;+45:09:30.6;Cyg;117.6;;;;;;;;;;;;;;;;;;;;;;;
LDN 910;DrkN;20:19:38.40;+45:19:30.4;Cyg;6.3;;;;;;;;;;;;;;;;;;;;;;;
LDN 911;DrkN;20:40:46.32;+42:55:43.7;Cyg;6.8;;;;;;;;;;;;;;;;;;;;;;;
LDN 912;DrkN;21:07:57.24;+38:42:09.7;Cyg;53.7;;;;;;;;;;;;;;;;;;;;;;;
LDN 913;DrkN;20:24:15.19;+45:19:46.9;Cyg;6.3;;;;;;;;;;;;;;;;;;;;;;;
LDN 914;DrkN;20:51:50.23;+41:41:19.7;Cyg;137.0;;;;;;;;;;;;;;;;;;;;;;;
LDN 915;DrkN;20:45:22.85;+43:05:58.9;Cyg;5.0;;;;;;;;;;;;;;;;;;;;;;;
LDN 916;DrkN;20:57:52.03;+41:11:38.8;Cyg;72.0;;;;;;;;;;;;;;;;;;;;;;;
LDN 917;DrkN;20:40:14.16;+44:08:42.0;Cyg;1.9;;;;;;;;;;;;;;;;;;;;;;;
LDN 918;DrkN;20:40:56.38;+44:05:44.2;Cyg;3.8;;;;;;;;;;;;;;;;;;;;;;;
LDN 919;DrkN;20:32:40.75;+45:17:16.4;Cyg;1.9;;;;;;;;;;;;;;;;;;;;;;;
LDN 920;DrkN;20:32:40.66;+45:20:16.4;Cyg;1.9;;;;;;;;;;;;;;;;;;;;;;;
LDN 921;DrkN;20:33:10.87;+45:16:18.1;Cyg;2.7;;;;;;;;;;;;;;;;;;;;;;;
LDN 922;DrkN;20:38:43.10;+44:35:37.0;Cyg;4.2;;;;;;;;;;;;;;;;;;;;;;;
LDN 923;DrkN;20:34:41.33;+45:10:23.2;Cyg;13.9;;;;;;;;;;;;;;;;;;;;;;;
LDN 925;DrkN;20:33:40.85;+45:20:19.7;Cyg;2.7;;;;;;;;;;;;;;;;;;;;;;;
LDN 926;DrkN;20:35:23.18;+45:19:25.7;Cyg;2.7;;;;;;;;;;;;;;;;;;;;;;;
LDN 927;DrkN;21:03:53.26;+41:05:57.5;Cyg;9.5;;;;;;;;;;;;;;;;;;;;;;;
LDN 928;DrkN;20:41:01.54;+44:35:44.5;Cyg;3.3;;;;;;;;;;;;;;;;;;;;;;;
LDN 929;DrkN;20:35:41.21;+45:20:26.5;Cyg;2.7;;;;;;;;;;;;;;;;;;;;;;;
LDN 930;DrkN;20:36:53.42;+45:20:30.8;Cyg;2.7;;;;;;;;;;;;;;;;;;;;;;;
LDN 931;DrkN;20:47:46.06;+43:51:06.8;Cyg;6.8;;;;;;;;;;;;;;;;;;;;;;;
LDN 932;DrkN;21:05:52.54;+41:52:03.7;Cyg;3.8;;;;;;;;;;;;;;;;;;;;;;;
LDN 933;DrkN;20:52:46.44;+44:11:22.9;Cyg;21.8;;;;;;;;;;;;;;;;;;;;;;;
LDN 934;DrkN;21:07:04.39;+42:07:07.3;Cyg;6.3;;;;;;;;;;;;;;;;;;;;;;;
LDN 935;DrkN;20:56:47.76;+43:51:35.6;Cyg;90.0;;;;;;;;;;;;;;;;;;;;;;;
LDN 936;DrkN;20:51:44.54;+45:11:19.7;Cyg;57.4;;;;;;;;;;;;;;;;;;;;;;;
LDN 937;DrkN;21:09:52.44;+42:27:15.5;Cyg;171.1;;;;;;;;;;;;;;;;;;;;;;;
LDN 938;DrkN;21:08:51.89;+42:42:12.6;Cyg;33.7;;;;;;;;;;;;;;;;;;;;;;;
LDN 939;DrkN;20:31:04.82;+48:10:10.9;Cyg;268.3;;;;;;;;;;;;;;;;;;;;;;;
LDN 940;DrkN;20:53:44.26;+45:35:26.2;Cyg;23.3;;;;;;;;;;;;;;;;;;;;;;;
LDN 941;DrkN;20:56:44.47;+45:49:35.4;Cyg;19.4;;;;;;;;;;;;;;;;;;;;;;;
LDN 942;DrkN;21:16:22.66;+43:12:34.6;Cyg;4.6;;;;;;;;;;;;;;;;;;;;;;;
LDN 943;DrkN;21:16:40.46;+43:23:35.5;Cyg;5.7;;;;;;;;;;;;;;;;;;;;;;;
LDN 944;DrkN;21:17:40.80;+43:17:38.4;Cyg;2.7;;;;;;;;;;;;;;;;;;;;;;;
LDN 945;DrkN;20:57:43.46;+46:31:38.6;Cyg;24.0;;;;;;;;;;;;;;;;;;;;;;;
LDN 946;DrkN;21:18:58.85;+43:27:42.1;Cyg;1.9;;;;;;;;;;;;;;;;;;;;;;;
LDN 947;DrkN;21:19:59.26;+43:18:44.6;Cyg;5.4;;;;;;;;;;;;;;;;;;;;;;;
LDN 948;DrkN;21:20:41.50;+43:14:46.7;Cyg;1.9;;;;;;;;;;;;;;;;;;;;;;;
LDN 949;DrkN;21:19:22.82;+43:31:43.0;Cyg;7.1;;;;;;;;;;;;;;;;;;;;;;;
LDN 950;DrkN;21:00:31.92;+46:36:47.5;Cyg;20.1;;;;;;;;;;;;;;;;;;;;;;;
LDN 951;DrkN;21:21:05.50;+43:18:47.9;Cyg;4.2;;;;;;;;;;;;;;;;;;;;;;;
LDN 952;DrkN;21:20:29.16;+43:27:46.1;Cyg;1.9;;;;;;;;;;;;;;;;;;;;;;;
LDN 953;DrkN;21:21:23.45;+43:22:48.7;Cyg;1.9;;;;;;;;;;;;;;;;;;;;;;;
LDN 954;DrkN;21:01:43.15;+47:11:51.0;Cyg;40.2;;;;;;;;;;;;;;;;;;;;;;;
LDN 955;DrkN;20:57:41.06;+47:51:38.5;Cyg;17.1;;;;;;;;;;;;;;;;;;;;;;;
LDN 956;DrkN;21:11:35.42;+45:58:20.6;Cyg;3.3;;;;;;;;;;;;;;;;;;;;;;;
LDN 957;DrkN;21:00:41.88;+47:46:48.0;Cyg;30.4;;;;;;;;;;;;;;;;;;;;;;;
LDN 958;DrkN;20:58:58.90;+48:06:42.5;Cyg;6.6;;;;;;;;;;;;;;;;;;;;;;;
LDN 959;DrkN;21:11:46.54;+46:32:21.1;Cyg;16.9;;;;;;;;;;;;;;;;;;;;;;;
LDN 960;DrkN;21:08:32.74;+47:10:11.6;Cyg;3.3;;;;;;;;;;;;;;;;;;;;;;;
LDN 961;DrkN;21:08:50.71;+47:14:12.5;Cyg;4.6;;;;;;;;;;;;;;;;;;;;;;;
LDN 962;DrkN;21:01:41.04;+48:21:51.1;Cyg;49.0;;;;;;;;;;;;;;;;;;;;;;;
LDN 963;DrkN;21:13:46.99;+46:32:27.2;Cyg;19.3;;;;;;;;;;;;;;;;;;;;;;;
LDN 964;DrkN;21:09:32.64;+47:22:14.9;Cyg;4.6;;;;;;;;;;;;;;;;;;;;;;;
LDN 965;DrkN;21:19:49.44;+45:52:44.4;Cyg;39.3;;;;;;;;;;;;;;;;;;;;;;;
LDN 966;DrkN;21:00:09.43;+49:01:46.2;Cyg;24.9;;;;;;;;;;;;;;;;;;;;;;;
LDN 967;DrkN;21:10:14.45;+47:34:16.7;Cyg;23.7;;;;;;;;;;;;;;;;;;;;;;;
LDN 968;DrkN;21:22:32.57;+45:32:52.1;Cyg;7.1;;;;;;;;;;;;;;;;;;;;;;;
LDN 969;DrkN;21:33:55.87;+43:35:22.6;Cyg;8.0;;;;;;;;;;;;;;;;;;;;;;;
LDN 970;DrkN;21:12:45.38;+47:22:24.2;Cyg;21.0;;;;;;;;;;;;;;;;;;;;;;;
LDN 971;DrkN;21:00:51.05;+49:18:48.6;Cyg;6.0;;;;;;;;;;;;;;;;;;;;;;;
LDN 972;DrkN;21:21:19.39;+46:07:48.7;Cyg;13.4;;;;;;;;;;;;;;;;;;;;;;;
LDN 973;DrkN;21:37:27.14;+43:13:31.8;Cyg;10.2;;;;;;;;;;;;;;;;;;;;;;;
LDN 974;DrkN;21:19:18.14;+46:37:43.0;Cyg;26.3;;;;;;;;;;;;;;;;;;;;;;;
LDN 975;DrkN;21:11:44.28;+47:52:21.4;Cyg;16.4;;;;;;;;;;;;;;;;;;;;;;;
LDN 976;DrkN;21:24:08.21;+46:00:56.5;Cyg;0.0;;;;;;;;;;;;;;;;;;;;;;;
LDN 977;DrkN;21:38:57.46;+43:13:35.8;Cyg;11.1;;;;;;;;;;;;;;;;;;;;;;;
LDN 978;DrkN;21:01:08.38;+49:41:49.6;Cyg;26.8;;;;;;;;;;;;;;;;;;;;;;;
LDN 979;DrkN;21:39:27.41;+43:21:36.7;Cyg;2.7;;;;;;;;;;;;;;;;;;;;;;;
LDN 980;DrkN;21:24:50.06;+46:12:58.3;Cyg;0.0;;;;;;;;;;;;;;;;;;;;;;;
LDN 981;DrkN;20:59:37.01;+50:11:44.9;Cyg;10.9;;;;;;;;;;;;;;;;;;;;;;;
LDN 982;DrkN;21:02:26.26;+49:54:53.3;Cyg;8.3;;;;;;;;;;;;;;;;;;;;;;;
LDN 983;DrkN;21:32:23.54;+45:03:18.7;Cyg;15.6;;;;;;;;;;;;;;;;;;;;;;;
LDN 984;DrkN;21:01:37.51;+50:11:51.0;Cyg;14.2;;;;;;;;;;;;;;;;;;;;;;;
LDN 985;DrkN;20:59:06.12;+50:34:43.3;Cyg;10.9;;;;;;;;;;;;;;;;;;;;;;;
LDN 986;DrkN;21:32:23.30;+45:13:18.8;Cyg;16.9;;;;;;;;;;;;;;;;;;;;;;;
LDN 987;DrkN;21:00:48.34;+50:40:48.4;Cyg;5.7;;;;;;;;;;;;;;;;;;;;;;;
LDN 988;DrkN;21:04:38.26;+50:12:00.0;Cyg;27.5;;;;;;;;;;;;;;;;;;;;;;;
LDN 989;DrkN;21:21:47.26;+47:32:49.9;Cyg;71.0;;;;;;;;;;;;;;;;;;;;;;;
LDN 990;DrkN;20:58:52.61;+51:16:42.6;Cyg;13.5;;;;;;;;;;;;;;;;;;;;;;;
LDN 991;DrkN;21:02:18.29;+50:52:53.0;Cyg;7.6;;;;;;;;;;;;;;;;;;;;;;;
LDN 992;DrkN;20:54:31.87;+52:01:28.9;Cyg;17.0;;;;;;;;;;;;;;;;;;;;;;;
LDN 993;DrkN;21:26:36.65;+47:25:03.4;Cyg;1.9;;;;;;;;;;;;;;;;;;;;;;;
LDN 994;DrkN;21:26:00.12;+47:39:01.4;Cyg;5.7;;;;;;;;;;;;;;;;;;;;;;;
LDN 995;DrkN;21:26:42.50;+47:31:03.4;Cyg;1.9;;;;;;;;;;;;;;;;;;;;;;;
LDN 996;DrkN;20:57:32.83;+51:56:38.4;Cyg;17.0;;;;;;;;;;;;;;;;;;;;;;;
LDN 997;DrkN;21:26:36.22;+47:41:03.1;Cyg;1.9;;;;;;;;;;;;;;;;;;;;;;;
LDN 998;DrkN;21:04:06.10;+51:11:58.6;Cyg;24.9;;;;;;;;;;;;;;;;;;;;;;;
LDN 999;DrkN;21:07:38.02;+50:42:09.0;Cyg;161.0;;;;;;;;;;;;;;;;;;;;;;;
LDN 1000;DrkN;21:06:37.44;+50:52:06.2;Cyg;30.3;;;;;;;;;;;;;;;;;;;;;;;
LDN 1001;DrkN;21:27:18.38;+47:41:05.3;Cyg;1.9;;;;;;;;;;;;;;;;;;;;;;;
LDN 1002;DrkN;20:56:30.89;+52:41:35.2;Cyg;84.2;;;;;;;;;;;;;;;;;;;;;;;
LDN 1003;DrkN;20:59:32.42;+52:21:44.6;Cyg;16.9;;;;;;;;;;;;;;;;;;;;;;;
LDN 1004;DrkN;21:01:32.98;+52:21:50.8;Cyg;25.0;;;;;;;;;;;;;;;;;;;;;;;
LDN 1005;DrkN;21:13:39.60;+50:42:27.0;Cyg;158.7;;;;;;;;;;;;;;;;;;;;;;;
LDN 1006;DrkN;21:31:19.22;+47:48:15.8;Cyg;11.8;;;;;;;;;;;;;;;;;;;;;;;
LDN 1007;DrkN;21:25:15.91;+48:52:59.5;Cyg;23.5;;;;;;;;;;;;;;;;;;;;;;;
LDN 1008;DrkN;21:26:46.03;+49:03:03.6;Cyg;6.8;;;;;;;;;;;;;;;;;;;;;;;
LDN 1009;DrkN;21:33:49.73;+47:53:22.6;Cyg;14.8;;;;;;;;;;;;;;;;;;;;;;;
LDN 1010;DrkN;21:38:52.25;+47:03:35.6;Cyg;25.6;;;;;;;;;;;;;;;;;;;;;;;
LDN 1011;DrkN;21:06:34.32;+52:22:06.2;Cyg;16.8;;;;;;;;;;;;;;;;;;;;;;;
LDN 1012;DrkN;21:34:07.46;+48:06:23.4;Cyg;8.7;;;;;;;;;;;;;;;;;;;;;;;
LDN 1013;DrkN;21:00:30.43;+53:21:47.5;Cyg;13.1;;;;;;;;;;;;;;;;;;;;;;;
LDN 1014;DrkN;21:24:01.66;+49:59:56.4;Cyg;3.8;;;;;;;;;;;;;;;;;;;;;;;
LDN 1015;DrkN;21:00:30.05;+53:31:47.6;Cyg;13.3;;;;;;;;;;;;;;;;;;;;;;;
LDN 1016;DrkN;21:19:46.66;+51:00:44.6;Cyg;3.3;;;;;;;;;;;;;;;;;;;;;;;
LDN 1017;DrkN;21:25:19.70;+50:09:59.8;Cyg;9.9;;;;;;;;;;;;;;;;;;;;;;;
LDN 1018;DrkN;21:04:31.73;+53:16:59.9;Cyg;7.6;;;;;;;;;;;;;;;;;;;;;;;
LDN 1019;DrkN;21:20:59.11;+50:56:47.8;Cyg;3.3;;;;;;;;;;;;;;;;;;;;;;;
LDN 1020;DrkN;21:42:53.04;+47:13:45.5;Cyg;22.1;;;;;;;;;;;;;;;;;;;;;;;
LDN 1021;DrkN;21:21:35.11;+51:01:49.4;Cyg;1.9;;;;;;;;;;;;;;;;;;;;;;;
LDN 1022;DrkN;21:09:34.06;+52:52:14.9;Cyg;37.1;;;;;;;;;;;;;;;;;;;;;;;
LDN 1023;DrkN;20:58:27.50;+54:21:41.4;Cyg;31.7;;;;;;;;;;;;;;;;;;;;;;;
LDN 1024;DrkN;21:42:16.44;+47:31:44.0;Cyg;6.3;;;;;;;;;;;;;;;;;;;;;;;
LDN 1026;DrkN;21:01:29.16;+54:01:50.9;Cyg;13.1;;;;;;;;;;;;;;;;;;;;;;;
LDN 1027;DrkN;21:06:32.11;+53:22:05.9;Cyg;9.7;;;;;;;;;;;;;;;;;;;;;;;
LDN 1028;DrkN;21:05:31.46;+53:32:03.1;Cyg;14.1;;;;;;;;;;;;;;;;;;;;;;;
LDN 1029;DrkN;21:01:28.75;+54:11:50.6;Cyg;189.7;;;;;;;;;;;;;;;;;;;;;;;
LDN 1030;DrkN;21:46:30.17;+47:05:54.2;Cyg;10.6;;;;;;;;;;;;;;;;;;;;;;;
LDN 1031;DrkN;21:45:53.81;+47:13:53.0;Cyg;8.5;;;;;;;;;;;;;;;;;;;;;;;
LDN 1032;DrkN;21:03:29.52;+54:06:56.9;Cyg;12.4;;;;;;;;;;;;;;;;;;;;;;;
LDN 1033;DrkN;20:37:13.78;+57:10:32.5;Cyg;50.7;;;;;;;;;;;;;;;;;;;;;;;
LDN 1034;DrkN;21:05:30.31;+54:02:03.1;Cyg;12.7;;;;;;;;;;;;;;;;;;;;;;;
LDN 1035;DrkN;21:44:40.80;+47:43:49.8;Cyg;19.8;;;;;;;;;;;;;;;;;;;;;;;
LDN 1036;DrkN;20:38:14.04;+57:10:36.1;Cyg;17.8;;;;;;;;;;;;;;;;;;;;;;;
LDN 1037;DrkN;20:54:23.62;+55:26:28.7;Cep;46.1;;;;;;;;;;;;;;;;;;;;;;;
LDN 1038;DrkN;20:46:18.79;+56:21:02.9;Cep;48.7;;;;;;;;;;;;;;;;;;;;;;;
LDN 1039;DrkN;20:42:16.20;+56:50:49.6;Cep;16.9;;;;;;;;;;;;;;;;;;;;;;;
LDN 1040;DrkN;21:46:35.30;+47:43:54.5;Cyg;7.6;;;;;;;;;;;;;;;;;;;;;;;
LDN 1041;DrkN;20:38:13.03;+57:30:36.0;Cyg;8.9;;;;;;;;;;;;;;;;;;;;;;;
LDN 1042;DrkN;21:49:12.46;+47:24:00.7;Cyg;7.3;;;;;;;;;;;;;;;;;;;;;;;
LDN 1043;DrkN;21:39:49.25;+49:13:37.9;Cyg;64.3;;;;;;;;;;;;;;;;;;;;;;;
LDN 1044;DrkN;20:41:14.40;+57:20:46.0;Cep;4.6;;;;;;;;;;;;;;;;;;;;;;;
LDN 1045;DrkN;21:48:23.90;+47:38:58.9;Cyg;8.0;;;;;;;;;;;;;;;;;;;;;;;
LDN 1046;DrkN;21:43:20.98;+48:43:46.6;Cyg;17.8;;;;;;;;;;;;;;;;;;;;;;;
LDN 1047;DrkN;21:48:05.50;+47:51:58.3;Cyg;4.2;;;;;;;;;;;;;;;;;;;;;;;
LDN 1048;DrkN;21:35:16.15;+50:20:26.2;Cyg;15.8;;;;;;;;;;;;;;;;;;;;;;;
LDN 1049;DrkN;20:42:14.18;+57:30:49.3;Cep;4.2;;;;;;;;;;;;;;;;;;;;;;;
LDN 1050;DrkN;21:05:28.32;+54:52:03.0;Cyg;18.0;;;;;;;;;;;;;;;;;;;;;;;
LDN 1051;DrkN;20:42:44.33;+57:30:51.1;Cep;6.0;;;;;;;;;;;;;;;;;;;;;;;
LDN 1052;DrkN;21:47:53.06;+48:07:57.7;Cyg;8.0;;;;;;;;;;;;;;;;;;;;;;;
LDN 1053;DrkN;20:59:24.43;+55:41:44.5;Cep;10.9;;;;;;;;;;;;;;;;;;;;;;;
LDN 1054;DrkN;21:34:45.36;+50:43:25.0;Cyg;147.0;;;;;;;;;;;;;;;;;;;;;;;
LDN 1055;DrkN;21:53:13.78;+47:12:10.1;Cyg;26.8;;;;;;;;;;;;;;;;;;;;;;;
LDN 1056;DrkN;20:58:23.26;+56:01:41.2;Cep;11.4;;;;;;;;;;;;;;;;;;;;;;;
LDN 1057;DrkN;21:43:49.82;+49:33:47.9;Cyg;13.8;;;;;;;;;;;;;;;;;;;;;;;
LDN 1058;DrkN;21:02:24.48;+56:01:53.8;Cep;55.9;;;;;;;;;;;;;;;;;;;;;;;
LDN 1059;DrkN;21:40:47.09;+50:43:40.4;Cyg;14.6;;;;;;;;;;;;;;;;;;;;;;;
LDN 1060;DrkN;21:11:29.14;+55:17:20.8;Cyg;10.6;;;;;;;;;;;;;;;;;;;;;;;
LDN 1061;DrkN;20:58:19.58;+57:21:41.0;Cep;47.2;;;;;;;;;;;;;;;;;;;;;;;
LDN 1062;DrkN;21:13:29.16;+55:32:26.5;Cep;3.3;;;;;;;;;;;;;;;;;;;;;;;
LDN 1063;DrkN;21:07:25.15;+56:22:08.8;Cep;9.5;;;;;;;;;;;;;;;;;;;;;;;
LDN 1064;DrkN;21:13:28.94;+55:37:26.8;Cep;1.9;;;;;;;;;;;;;;;;;;;;;;;
LDN 1065;DrkN;21:07:24.72;+56:32:08.9;Cep;9.1;;;;;;;;;;;;;;;;;;;;;;;
LDN 1066;DrkN;21:47:49.15;+50:43:57.7;Cyg;27.4;;;;;;;;;;;;;;;;;;;;;;;
LDN 1067;DrkN;21:09:24.94;+56:42:14.8;Cep;6.6;;;;;;;;;;;;;;;;;;;;;;;
LDN 1068;DrkN;21:06:16.82;+57:07:05.5;Cep;9.9;;;;;;;;;;;;;;;;;;;;;;;
LDN 1069;DrkN;21:08:24.17;+56:52:11.6;Cep;8.0;;;;;;;;;;;;;;;;;;;;;;;
LDN 1070;DrkN;21:46:48.31;+51:03:55.1;Cyg;13.4;;;;;;;;;;;;;;;;;;;;;;;
LDN 1071;DrkN;20:58:17.14;+58:11:40.9;Cep;18.2;;;;;;;;;;;;;;;;;;;;;;;
LDN 1072;DrkN;21:16:28.49;+56:12:35.3;Cep;73.7;;;;;;;;;;;;;;;;;;;;;;;
LDN 1073;DrkN;21:48:18.22;+51:23:58.9;Cyg;24.1;;;;;;;;;;;;;;;;;;;;;;;
LDN 1074;DrkN;21:34:39.50;+53:53:24.7;Cyg;9.9;;;;;;;;;;;;;;;;;;;;;;;
LDN 1075;DrkN;21:31:37.51;+54:23:16.8;Cyg;22.8;;;;;;;;;;;;;;;;;;;;;;;
LDN 1076;DrkN;20:49:20.90;+59:51:13.0;Cep;5.4;;;;;;;;;;;;;;;;;;;;;;;
LDN 1077;DrkN;21:37:40.78;+53:43:32.5;Cyg;2.7;;;;;;;;;;;;;;;;;;;;;;;
LDN 1078;DrkN;21:36:39.82;+54:03:30.2;Cyg;8.0;;;;;;;;;;;;;;;;;;;;;;;
LDN 1079;DrkN;21:32:37.15;+54:43:19.6;Cyg;6.3;;;;;;;;;;;;;;;;;;;;;;;
LDN 1080;DrkN;21:21:29.33;+56:32:49.6;Cep;1.9;;;;;;;;;;;;;;;;;;;;;;;
LDN 1081;DrkN;21:36:39.14;+54:23:30.1;Cyg;45.9;;;;;;;;;;;;;;;;;;;;;;;
LDN 1082;DrkN;20:51:08.38;+60:11:18.6;Cep;20.0;;;;;;;;;;;;;;;;;;;;;;;
LDN 1083;DrkN;21:33:34.78;+55:58:22.1;Cep;52.3;;;;;;;;;;;;;;;;;;;;;;;
LDN 1084;DrkN;21:41:39.79;+54:53:42.7;Cyg;18.9;;;;;;;;;;;;;;;;;;;;;;;
LDN 1085;DrkN;21:33:33.00;+56:45:22.0;Cep;6.0;;;;;;;;;;;;;;;;;;;;;;;
LDN 1086;DrkN;21:28:29.28;+57:33:08.6;Cep;18.5;;;;;;;;;;;;;;;;;;;;;;;
LDN 1087;DrkN;21:35:34.18;+56:33:27.4;Cep;6.8;;;;;;;;;;;;;;;;;;;;;;;
LDN 1088;DrkN;21:38:35.98;+56:13:35.0;Cep;8.3;;;;;;;;;;;;;;;;;;;;;;;
LDN 1089;DrkN;20:32:48.74;+63:30:18.4;Cep;29.6;;;;;;;;;;;;;;;;;;;;;;;
LDN 1090;DrkN;21:35:33.79;+56:43:27.5;Cep;10.0;;;;;;;;;;;;;;;;;;;;;;;
LDN 1091;DrkN;22:00:49.78;+52:54:27.4;Cyg;21.1;;;;;;;;;;;;;;;;;;;;;;;
LDN 1092;DrkN;21:37:33.94;+56:58:32.5;Cep;7.1;;;;;;;;;;;;;;;;;;;;;;;
LDN 1093;DrkN;21:33:30.91;+57:38:22.2;Cep;11.1;;;;;;;;;;;;;;;;;;;;;;;
LDN 1094;DrkN;20:32:46.42;+64:00:18.0;Cep;2.7;;;;;;;;;;;;;;;;;;;;;;;
LDN 1095;DrkN;21:42:37.22;+56:18:45.0;Cep;6.6;;;;;;;;;;;;;;;;;;;;;;;
LDN 1096;DrkN;21:31:29.14;+58:03:16.9;Cep;1.9;;;;;;;;;;;;;;;;;;;;;;;
LDN 1097;DrkN;21:46:39.86;+55:43:54.8;Cep;3.3;;;;;;;;;;;;;;;;;;;;;;;
LDN 1098;DrkN;21:34:31.27;+57:38:24.7;Cep;9.5;;;;;;;;;;;;;;;;;;;;;;;
LDN 1099;DrkN;21:36:32.59;+57:23:29.8;Cep;5.4;;;;;;;;;;;;;;;;;;;;;;;
LDN 1100;DrkN;20:34:47.14;+64:00:24.8;Cep;5.0;;;;;;;;;;;;;;;;;;;;;;;
LDN 1101;DrkN;21:39:34.66;+56:58:37.6;Cep;18.5;;;;;;;;;;;;;;;;;;;;;;;
LDN 1102;DrkN;21:32:29.50;+58:03:19.4;Cep;5.4;;;;;;;;;;;;;;;;;;;;;;;
LDN 1103;DrkN;21:41:41.98;+56:43:43.0;Cep;3.3;;;;;;;;;;;;;;;;;;;;;;;
LDN 1104;DrkN;21:42:06.12;+56:43:44.0;Cep;4.6;;;;;;;;;;;;;;;;;;;;;;;
LDN 1105;DrkN;21:37:08.42;+57:33:31.3;Cep;5.4;;;;;;;;;;;;;;;;;;;;;;;
LDN 1106;DrkN;21:42:35.95;+56:53:45.2;Cep;5.7;;;;;;;;;;;;;;;;;;;;;;;
LDN 1107;DrkN;21:56:45.74;+54:29:18.6;Cyg;199.0;;;;;;;;;;;;;;;;;;;;;;;
LDN 1108;DrkN;21:26:23.26;+59:33:03.2;Cep;12.9;;;;;;;;;;;;;;;;;;;;;;;
LDN 1109;DrkN;21:51:41.47;+55:49:07.0;Cep;23.2;;;;;;;;;;;;;;;;;;;;;;;
LDN 1110;DrkN;21:39:32.54;+57:53:37.7;Cep;5.0;;;;;;;;;;;;;;;;;;;;;;;
LDN 1111;DrkN;21:39:32.54;+57:53:37.7;Cep;2.7;;;;;;;;;;;;;;;;;;;;;;;
LDN 1112;DrkN;21:38:31.75;+58:03:34.9;Cep;6.8;;;;;;;;;;;;;;;;;;;;;;;
LDN 1113;DrkN;21:44:36.02;+57:11:49.9;Cep;2.7;;;;;;;;;;;;;;;;;;;;;;;
LDN 1114;DrkN;21:49:39.58;+56:24:02.2;Cep;7.6;;;;;;;;;;;;;;;;;;;;;;;
LDN 1115;DrkN;21:46:37.25;+56:58:54.8;Cep;2.7;;;;;;;;;;;;;;;;;;;;;;;
LDN 1116;DrkN;21:36:29.76;+58:33:29.9;Cep;11.1;;;;;;;;;;;;;;;;;;;;;;;
LDN 1117;DrkN;21:38:31.15;+58:18:34.9;Cep;3.8;;;;;;;;;;;;;;;;;;;;;;;
LDN 1118;DrkN;21:46:36.74;+57:12:55.1;Cep;1.9;;;;;;;;;;;;;;;;;;;;;;;
LDN 1119;DrkN;21:13:11.35;+61:42:26.3;Cep;6.0;;;;;;;;;;;;;;;;;;;;;;;
LDN 1120;DrkN;21:47:37.25;+57:08:57.5;Cep;1.9;;;;;;;;;;;;;;;;;;;;;;;
LDN 1121;DrkN;21:40:31.99;+58:16:40.1;Cep;5.4;;;;;;;;;;;;;;;;;;;;;;;
LDN 1122;DrkN;20:32:39.74;+65:20:17.9;Cep;12.1;;;;;;;;;;;;;;;;;;;;;;;
LDN 1123;DrkN;21:39:31.13;+58:28:37.6;Cep;3.3;;;;;;;;;;;;;;;;;;;;;;;
LDN 1124;DrkN;21:41:32.50;+58:13:42.6;Cep;7.3;;;;;;;;;;;;;;;;;;;;;;;
LDN 1125;DrkN;21:14:41.98;+61:42:30.6;Cep;6.0;;;;;;;;;;;;;;;;;;;;;;;
LDN 1126;DrkN;21:39:30.91;+58:33:37.4;Cep;4.6;;;;;;;;;;;;;;;;;;;;;;;
LDN 1127;DrkN;21:40:55.46;+58:33:41.0;Cep;3.8;;;;;;;;;;;;;;;;;;;;;;;
LDN 1128;DrkN;21:41:31.70;+58:33:42.5;Cep;7.3;;;;;;;;;;;;;;;;;;;;;;;
LDN 1129;DrkN;21:46:35.21;+57:53:55.0;Cep;12.1;;;;;;;;;;;;;;;;;;;;;;;
LDN 1130;DrkN;21:44:33.46;+58:18:50.0;Cep;6.6;;;;;;;;;;;;;;;;;;;;;;;
LDN 1131;DrkN;21:39:58.58;+59:33:38.9;Cep;12.9;;;;;;;;;;;;;;;;;;;;;;;
LDN 1132;DrkN;21:46:33.26;+58:43:54.8;Cep;3.3;;;;;;;;;;;;;;;;;;;;;;;
LDN 1133;DrkN;22:02:44.76;+56:14:31.6;Cep;29.9;;;;;;;;;;;;;;;;;;;;;;;
LDN 1134;DrkN;21:41:27.43;+60:13:42.6;Cep;97.3;;;;;;;;;;;;;;;;;;;;;;;
LDN 1135;DrkN;21:39:25.44;+60:38:37.3;Cep;13.9;;;;;;;;;;;;;;;;;;;;;;;
LDN 1136;DrkN;21:45:29.76;+59:58:52.3;Cep;6.6;;;;;;;;;;;;;;;;;;;;;;;
LDN 1137;DrkN;21:51:34.49;+59:04:06.6;Cep;8.0;;;;;;;;;;;;;;;;;;;;;;;
LDN 1138;DrkN;21:51:34.49;+59:04:06.6;Cep;8.0;;;;;;;;;;;;;;;;;;;;;;;
LDN 1139;DrkN;21:55:37.27;+58:34:16.0;Cep;7.3;;;;;;;;;;;;;;;;;;;;;;;
LDN 1140;DrkN;21:40:25.18;+60:53:39.8;Cep;29.4;;;;;;;;;;;;;;;;;;;;;;;
LDN 1141;DrkN;21:55:36.91;+58:44:16.1;Cep;6.0;;;;;;;;;;;;;;;;;;;;;;;
LDN 1142;DrkN;21:56:36.55;+59:04:18.1;Cep;2.7;;;;;;;;;;;;;;;;;;;;;;;
LDN 1143;DrkN;21:57:37.18;+58:59:20.4;Cep;8.5;;;;;;;;;;;;;;;;;;;;;;;
LDN 1144;DrkN;21:50:31.54;+60:07:04.4;Cep;9.9;;;;;;;;;;;;;;;;;;;;;;;
LDN 1145;DrkN;21:31:15.60;+62:43:16.3;Cep;25.7;;;;;;;;;;;;;;;;;;;;;;;
LDN 1146;DrkN;21:31:15.60;+62:43:16.3;Cep;25.7;;;;;;;;;;;;;;;;;;;;;;;
LDN 1147;DrkN;20:40:31.87;+67:20:44.9;Cep;21.4;;;;;;;;;;;;;;;;;;;;;;;
LDN 1148;DrkN;20:40:31.87;+67:20:44.9;Cep;7.3;;;;;;;;;;;;;;;;;;;;;;;
LDN 1149;DrkN;21:57:36.86;+59:07:20.6;Cep;7.3;;;;;;;;;;;;;;;;;;;;;;;
LDN 1150;DrkN;22:15:50.16;+55:59:58.2;Cep;5.0;;;;;;;;;;;;;;;;;;;;;;;
LDN 1151;DrkN;21:59:37.82;+59:04:25.0;Cep;9.9;;;;;;;;;;;;;;;;;;;;;;;
LDN 1152;DrkN;20:34:25.03;+68:00:24.5;Dra;9.5;;;;;;;;;;;;;;;;;;;;;;;
LDN 1153;DrkN;22:00:38.42;+58:59:27.2;Cep;16.9;;;;;;;;;;;;;;;;;;;;;;;
LDN 1154;DrkN;22:16:50.18;+56:13:00.1;Cep;5.0;;;;;;;;;;;;;;;;;;;;;;;
LDN 1155;DrkN;20:43:31.20;+67:40:54.8;Cep;4.6;;;;;;;;;;;;;;;;;;;;;;;
LDN 1156;DrkN;22:19:52.10;+55:45:06.1;Cep;12.4;;;;;;;;;;;;;;;;;;;;;;;
LDN 1157;DrkN;20:39:27.29;+68:00:41.4;Dra;4.2;;;;;;;;;;;;;;;;;;;;;;;
LDN 1158;DrkN;20:44:31.68;+67:40:58.1;Cep;20.0;;;;;;;;;;;;;;;;;;;;;;;
LDN 1159;DrkN;22:06:41.81;+58:34:40.1;Cep;100.2;;;;;;;;;;;;;;;;;;;;;;;
LDN 1160;DrkN;22:04:40.10;+58:59:35.9;Cep;8.3;;;;;;;;;;;;;;;;;;;;;;;
LDN 1161;DrkN;22:19:51.50;+56:08:06.0;Cep;4.6;;;;;;;;;;;;;;;;;;;;;;;
LDN 1162;DrkN;21:20:01.75;+65:02:46.0;Cep;3.8;;;;;;;;;;;;;;;;;;;;;;;
LDN 1163;DrkN;22:20:51.84;+56:10:07.7;Cep;5.0;;;;;;;;;;;;;;;;;;;;;;;
LDN 1164;DrkN;22:06:40.58;+59:09:40.0;Cep;8.3;;;;;;;;;;;;;;;;;;;;;;;
LDN 1165;DrkN;22:07:10.99;+59:04:41.2;Cep;8.3;;;;;;;;;;;;;;;;;;;;;;;
LDN 1166;DrkN;22:05:39.26;+59:34:37.9;Cep;1.9;;;;;;;;;;;;;;;;;;;;;;;
LDN 1167;DrkN;21:03:44.54;+67:01:58.8;Cep;14.9;;;;;;;;;;;;;;;;;;;;;;;
LDN 1168;DrkN;20:56:37.87;+67:36:37.1;Cep;3.3;;;;;;;;;;;;;;;;;;;;;;;
LDN 1169;DrkN;22:07:09.55;+59:44:40.9;Cep;3.8;;;;;;;;;;;;;;;;;;;;;;;
LDN 1170;DrkN;21:01:40.37;+67:36:52.6;Cep;27.8;;;;;;;;;;;;;;;;;;;;;;;
LDN 1171;DrkN;20:53:32.14;+68:19:27.1;Cep;2.7;;;;;;;;;;;;;;;;;;;;;;;
LDN 1172;DrkN;21:02:40.39;+67:41:55.7;Cep;6.0;;;;;;;;;;;;;;;;;;;;;;;
LDN 1173;DrkN;21:04:41.40;+67:42:01.8;Cep;4.6;;;;;;;;;;;;;;;;;;;;;;;
LDN 1174;DrkN;21:02:37.51;+68:11:55.7;Cep;32.5;;;;;;;;;;;;;;;;;;;;;;;
LDN 1175;DrkN;22:13:40.30;+60:44:54.2;Cep;7.3;;;;;;;;;;;;;;;;;;;;;;;
LDN 1176;DrkN;21:31:00.05;+66:43:16.0;Cep;40.1;;;;;;;;;;;;;;;;;;;;;;;
LDN 1177;DrkN;21:18:45.79;+68:15:42.8;Cep;4.2;;;;;;;;;;;;;;;;;;;;;;;
LDN 1178;DrkN;22:09:04.44;+62:19:45.1;Cep;4.2;;;;;;;;;;;;;;;;;;;;;;;
LDN 1179;DrkN;22:27:19.80;+59:02:19.3;Cep;2.7;;;;;;;;;;;;;;;;;;;;;;;
LDN 1180;DrkN;22:26:49.20;+59:15:18.7;Cep;158.7;;;;;;;;;;;;;;;;;;;;;;;
LDN 1181;DrkN;21:42:08.47;+66:08:44.5;Cep;5.4;;;;;;;;;;;;;;;;;;;;;;;
LDN 1182;DrkN;22:13:07.42;+61:54:53.3;Cep;3.8;;;;;;;;;;;;;;;;;;;;;;;
LDN 1183;DrkN;21:42:08.14;+66:13:44.4;Cep;18.0;;;;;;;;;;;;;;;;;;;;;;;
LDN 1184;DrkN;22:20:43.58;+60:45:07.6;Cep;21.1;;;;;;;;;;;;;;;;;;;;;;;
LDN 1185;DrkN;22:29:20.62;+59:05:22.9;Cep;4.6;;;;;;;;;;;;;;;;;;;;;;;
LDN 1186;DrkN;22:13:37.13;+62:07:54.1;Cep;4.2;;;;;;;;;;;;;;;;;;;;;;;
LDN 1187;DrkN;22:37:57.14;+57:15:36.7;Cep;22.8;;;;;;;;;;;;;;;;;;;;;;;
LDN 1188;DrkN;22:16:39.50;+61:45:00.0;Cep;37.9;;;;;;;;;;;;;;;;;;;;;;;
LDN 1189;DrkN;22:38:57.58;+57:15:38.2;Cep;41.3;;;;;;;;;;;;;;;;;;;;;;;
LDN 1190;DrkN;22:30:51.19;+59:08:25.4;Cep;3.8;;;;;;;;;;;;;;;;;;;;;;;
LDN 1191;DrkN;22:14:06.70;+62:24:55.1;Cep;3.8;;;;;;;;;;;;;;;;;;;;;;;
LDN 1192;DrkN;22:33:53.42;+58:35:30.5;Cep;5.0;;;;;;;;;;;;;;;;;;;;;;;
LDN 1193;DrkN;22:14:36.96;+62:24:56.2;Cep;2.7;;;;;;;;;;;;;;;;;;;;;;;
LDN 1194;DrkN;22:32:52.18;+59:05:28.7;Cep;5.7;;;;;;;;;;;;;;;;;;;;;;;
LDN 1195;DrkN;22:26:45.43;+61:15:18.4;Cep;7.8;;;;;;;;;;;;;;;;;;;;;;;
LDN 1196;DrkN;22:26:45.43;+61:15:18.4;Cep;10.2;;;;;;;;;;;;;;;;;;;;;;;
LDN 1197;DrkN;22:37:54.70;+58:55:36.8;Cep;5.7;;;;;;;;;;;;;;;;;;;;;;;
LDN 1198;DrkN;22:36:53.45;+59:25:35.0;Cep;13.9;;;;;;;;;;;;;;;;;;;;;;;
LDN 1199;DrkN;21:35:54.07;+68:33:29.2;Cep;29.1;;;;;;;;;;;;;;;;;;;;;;;
LDN 1200;DrkN;22:45:58.56;+58:45:48.6;Cep;8.5;;;;;;;;;;;;;;;;;;;;;;;
LDN 1201;DrkN;22:23:38.98;+63:30:13.0;Cep;5.7;;;;;;;;;;;;;;;;;;;;;;;
LDN 1202;DrkN;22:26:41.52;+63:05:18.6;Cep;3.8;;;;;;;;;;;;;;;;;;;;;;;
LDN 1203;DrkN;22:27:42.24;+63:00:20.2;Cep;7.6;;;;;;;;;;;;;;;;;;;;;;;
LDN 1204;DrkN;22:26:41.14;+63:15:18.4;Cep;94.9;;;;;;;;;;;;;;;;;;;;;;;
LDN 1205;DrkN;22:45:56.14;+60:25:48.7;Cep;18.5;;;;;;;;;;;;;;;;;;;;;;;
LDN 1206;DrkN;22:28:39.48;+64:25:21.7;Cep;17.3;;;;;;;;;;;;;;;;;;;;;;;
LDN 1207;DrkN;22:29:40.03;+64:25:23.5;Cep;13.0;;;;;;;;;;;;;;;;;;;;;;;
LDN 1208;DrkN;22:30:40.61;+64:25:25.3;Cep;8.0;;;;;;;;;;;;;;;;;;;;;;;
LDN 1209;DrkN;22:29:39.22;+64:45:23.4;Cep;20.0;;;;;;;;;;;;;;;;;;;;;;;
LDN 1210;DrkN;22:44:52.92;+62:05:47.0;Cep;6.3;;;;;;;;;;;;;;;;;;;;;;;
LDN 1211;DrkN;22:46:53.81;+62:10:49.8;Cep;6.3;;;;;;;;;;;;;;;;;;;;;;;
LDN 1212;DrkN;22:47:54.29;+62:12:51.5;Cep;7.1;;;;;;;;;;;;;;;;;;;;;;;
LDN 1213;DrkN;22:31:38.71;+65:25:26.8;Cep;4.6;;;;;;;;;;;;;;;;;;;;;;;
LDN 1214;DrkN;22:33:39.05;+65:45:30.2;Cep;30.4;;;;;;;;;;;;;;;;;;;;;;;
LDN 1215;DrkN;22:51:56.57;+62:05:56.8;Cep;8.7;;;;;;;;;;;;;;;;;;;;;;;
LDN 1216;DrkN;22:51:56.30;+62:15:56.5;Cep;22.6;;;;;;;;;;;;;;;;;;;;;;;
LDN 1217;DrkN;22:13:07.99;+70:44:53.9;Cep;25.9;;;;;;;;;;;;;;;;;;;;;;;
LDN 1218;DrkN;23:02:01.63;+62:16:08.8;Cep;75.7;;;;;;;;;;;;;;;;;;;;;;;
LDN 1219;DrkN;22:11:35.64;+70:59:50.6;Cep;3.3;;;;;;;;;;;;;;;;;;;;;;;
LDN 1220;DrkN;23:04:03.24;+61:51:10.8;Cep;4.6;;;;;;;;;;;;;;;;;;;;;;;
LDN 1221;DrkN;22:28:26.04;+69:00:21.6;Cep;8.5;;;;;;;;;;;;;;;;;;;;;;;
LDN 1222;DrkN;23:05:03.86;+61:46:12.0;Cep;2.7;;;;;;;;;;;;;;;;;;;;;;;
LDN 1223;DrkN;22:56:55.80;+64:16:03.0;Cep;60.3;;;;;;;;;;;;;;;;;;;;;;;
LDN 1224;DrkN;23:04:00.62;+63:46:10.9;Cep;7.6;;;;;;;;;;;;;;;;;;;;;;;
LDN 1225;DrkN;23:12:07.75;+61:36:19.1;Cep;11.4;;;;;;;;;;;;;;;;;;;;;;;
LDN 1226;DrkN;23:10:05.93;+62:16:17.0;Cep;5.7;;;;;;;;;;;;;;;;;;;;;;;
LDN 1227;DrkN;23:10:05.86;+62:19:17.0;Cep;5.4;;;;;;;;;;;;;;;;;;;;;;;
LDN 1228;DrkN;20:59:01.54;+77:31:46.9;Cep;17.6;;;;;;;;;;;;;;;;;;;;;;;
LDN 1229;DrkN;23:14:08.40;+61:59:20.8;Cep;3.8;;;;;;;;;;;;;;;;;;;;;;;
LDN 1230;DrkN;23:14:08.35;+62:01:21.0;Cep;2.7;;;;;;;;;;;;;;;;;;;;;;;
LDN 1231;DrkN;23:18:11.23;+61:16:24.2;Cas;6.8;;;;;;;;;;;;;;;;;;;;;;;
LDN 1232;DrkN;23:17:10.22;+61:46:23.5;Cas;3.8;;;;;;;;;;;;;;;;;;;;;;;
LDN 1233;DrkN;23:16:27.26;+62:20:22.9;Cas;1.9;;;;;;;;;;;;;;;;;;;;;;;
LDN 1234;DrkN;23:17:09.58;+62:24:23.4;Cas;3.8;;;;;;;;;;;;;;;;;;;;;;;
LDN 1235;DrkN;22:14:54.91;+73:24:57.2;Cep;11.5;;;;;;;;;;;;;;;;;;;;;;;
LDN 1236;DrkN;22:52:43.34;+68:55:57.7;Cep;12.6;;;;;;;;;;;;;;;;;;;;;;;
LDN 1237;DrkN;23:22:36.36;+62:36:27.7;Cas;3.8;;;;;;;;;;;;;;;;;;;;;;;
LDN 1238;DrkN;23:32:19.46;+59:46:34.0;Cas;224.5;;;;;;;;;;;;;;;;;;;;;;;
LDN 1239;DrkN;23:12:20.26;+66:04:19.2;Cep;4.2;;;;;;;;;;;;;;;;;;;;;;;
LDN 1240;DrkN;23:11:00.86;+66:26:17.9;Cep;21.3;;;;;;;;;;;;;;;;;;;;;;;
LDN 1241;DrkN;21:50:03.00;+76:44:04.9;Cep;70.5;;;;;;;;;;;;;;;;;;;;;;;
LDN 1242;DrkN;22:31:10.03;+73:15:26.6;Cep;53.4;;;;;;;;;;;;;;;;;;;;;;;
LDN 1243;DrkN;22:10:37.32;+75:19:49.1;Cep;17.1;;;;;;;;;;;;;;;;;;;;;;;
LDN 1244;DrkN;23:25:13.66;+62:46:29.6;Cas;5.0;;;;;;;;;;;;;;;;;;;;;;;
LDN 1245;DrkN;23:32:18.89;+60:46:34.0;Cas;15.9;;;;;;;;;;;;;;;;;;;;;;;
LDN 1246;DrkN;23:25:12.91;+63:36:29.5;Cas;2.7;;;;;;;;;;;;;;;;;;;;;;;
LDN 1247;DrkN;22:20:47.93;+75:15:08.6;Cep;24.5;;;;;;;;;;;;;;;;;;;;;;;
LDN 1248;DrkN;23:32:17.93;+62:16:34.0;Cas;123.8;;;;;;;;;;;;;;;;;;;;;;;
LDN 1249;DrkN;23:44:25.70;+58:56:39.1;Cas;13.0;;;;;;;;;;;;;;;;;;;;;;;
LDN 1250;DrkN;23:22:07.01;+67:16:27.5;Cep;97.3;;;;;;;;;;;;;;;;;;;;;;;
LDN 1251;DrkN;22:36:03.17;+75:15:34.6;Cep;26.5;;;;;;;;;;;;;;;;;;;;;;;
LDN 1252;DrkN;23:45:24.70;+63:16:39.4;Cas;25.5;;;;;;;;;;;;;;;;;;;;;;;
LDN 1253;DrkN;23:56:31.54;+58:31:41.5;Cas;5.7;;;;;;;;;;;;;;;;;;;;;;;
LDN 1254;DrkN;23:56:31.51;+58:46:41.5;Cas;23.4;;;;;;;;;;;;;;;;;;;;;;;
LDN 1255;DrkN;23:53:29.81;+60:31:41.2;Cas;1.9;;;;;;;;;;;;;;;;;;;;;;;
LDN 1256;DrkN;23:55:30.89;+60:01:41.5;Cas;24.1;;;;;;;;;;;;;;;;;;;;;;;
LDN 1257;DrkN;23:57:31.92;+59:39:41.8;Cas;10.2;;;;;;;;;;;;;;;;;;;;;;;
LDN 1258;DrkN;23:59:02.66;+59:36:41.8;Cas;6.0;;;;;;;;;;;;;;;;;;;;;;;
LDN 1259;DrkN;23:22:54.96;+74:16:27.8;Cep;11.2;;;;;;;;;;;;;;;;;;;;;;;
LDN 1260;DrkN;23:57:01.15;+64:56:41.6;Cas;3.8;;;;;;;;;;;;;;;;;;;;;;;
LDN 1261;DrkN;23:26:59.04;+74:16:30.7;Cep;10.4;;;;;;;;;;;;;;;;;;;;;;;
LDN 1262;DrkN;23:26:59.04;+74:16:30.7;Cep;15.4;;;;;;;;;;;;;;;;;;;;;;;
LDN 1263;DrkN;23:57:31.46;+64:50:41.6;Cas;2.7;;;;;;;;;;;;;;;;;;;;;;;
LDN 1264;DrkN;23:52:27.41;+68:16:41.2;Cep;19.2;;;;;;;;;;;;;;;;;;;;;;;
LDN 1265;DrkN;00:09:37.75;+58:51:41.0;Cas;3.3;;;;;;;;;;;;;;;;;;;;;;;
LDN 1266;DrkN;23:57:31.20;+67:16:41.5;Cep;95.6;;;;;;;;;;;;;;;;;;;;;;;
LDN 1267;DrkN;00:00:33.29;+66:46:41.9;Cep;8.3;;;;;;;;;;;;;;;;;;;;;;;
LDN 1268;DrkN;23:59:32.57;+67:26:41.6;Cep;23.8;;;;;;;;;;;;;;;;;;;;;;;
LDN 1269;DrkN;00:00:33.29;+67:09:41.8;Cep;9.5;;;;;;;;;;;;;;;;;;;;;;;
LDN 1270;DrkN;00:01:33.98;+67:09:41.8;Cep;5.7;;;;;;;;;;;;;;;;;;;;;;;
LDN 1271;DrkN;00:01:33.98;+67:16:41.9;Cep;6.0;;;;;;;;;;;;;;;;;;;;;;;
LDN 1272;DrkN;00:02:34.68;+67:16:41.9;Cep;176.9;;;;;;;;;;;;;;;;;;;;;;;
LDN 1273;DrkN;00:02:34.73;+68:31:41.9;Cep;26.8;;;;;;;;;;;;;;;;;;;;;;;
LDN 1274;DrkN;23:57:30.65;+70:56:41.6;Cep;10.7;;;;;;;;;;;;;;;;;;;;;;;
LDN 1275;DrkN;00:06:37.49;+67:26:41.6;Cep;8.5;;;;;;;;;;;;;;;;;;;;;;;
LDN 1276;DrkN;00:12:40.51;+64:01:40.4;Cas;3.8;;;;;;;;;;;;;;;;;;;;;;;
LDN 1277;DrkN;00:13:41.11;+64:01:40.4;Cas;5.0;;;;;;;;;;;;;;;;;;;;;;;
LDN 1278;DrkN;00:15:42.24;+63:51:40.0;Cas;7.8;;;;;;;;;;;;;;;;;;;;;;;
LDN 1279;DrkN;00:17:43.39;+63:46:39.4;Cas;9.5;;;;;;;;;;;;;;;;;;;;;;;
LDN 1280;DrkN;00:19:44.06;+62:39:38.5;Cas;8.3;;;;;;;;;;;;;;;;;;;;;;;
LDN 1281;DrkN;00:18:44.06;+63:56:38.8;Cas;4.6;;;;;;;;;;;;;;;;;;;;;;;
LDN 1282;DrkN;00:21:44.76;+61:46:37.9;Cas;7.6;;;;;;;;;;;;;;;;;;;;;;;
LDN 1283;DrkN;00:22:45.26;+61:42:37.4;Cas;5.4;;;;;;;;;;;;;;;;;;;;;;;
LDN 1284;DrkN;00:21:45.43;+63:11:37.7;Cas;6.0;;;;;;;;;;;;;;;;;;;;;;;
LDN 1285;DrkN;00:24:47.16;+63:11:36.6;Cas;6.8;;;;;;;;;;;;;;;;;;;;;;;
LDN 1286;DrkN;00:34:49.80;+58:56:31.2;Cas;14.7;;;;;;;;;;;;;;;;;;;;;;;
LDN 1287;DrkN;00:35:53.66;+63:26:30.5;Cas;8.7;;;;;;;;;;;;;;;;;;;;;;;
LDN 1288;DrkN;00:37:57.53;+66:06:29.2;Cas;35.1;;;;;;;;;;;;;;;;;;;;;;;
LDN 1289;DrkN;21:31:22.61;+88:23:43.1;UMi;6.6;;;;;;;;;;;;;;;;;;;;;;;
LDN 1290;DrkN;00:41:54.91;+61:06:26.3;Cas;6.8;;;;;;;;;;;;;;;;;;;;;;;
LDN 1291;DrkN;00:42:13.90;+62:01:26.0;Cas;3.8;;;;;;;;;;;;;;;;;;;;;;;
LDN 1292;DrkN;21:40:28.78;+88:34:06.2;UMi;41.0;;;;;;;;;;;;;;;;;;;;;;;
LDN 1293;DrkN;00:41:56.78;+63:06:26.3;Cas;6.3;;;;;;;;;;;;;;;;;;;;;;;
LDN 1294;DrkN;00:42:20.18;+62:16:26.0;Cas;2.7;;;;;;;;;;;;;;;;;;;;;;;
LDN 1295;DrkN;00:44:50.04;+52:26:24.0;Cas;10.2;;;;;;;;;;;;;;;;;;;;;;;
LDN 1296;DrkN;00:44:50.26;+52:46:23.9;Cas;10.7;;;;;;;;;;;;;;;;;;;;;;;
LDN 1297;DrkN;00:42:57.00;+62:46:25.3;Cas;14.8;;;;;;;;;;;;;;;;;;;;;;;
LDN 1298;DrkN;00:43:25.68;+61:06:24.8;Cas;7.3;;;;;;;;;;;;;;;;;;;;;;;
LDN 1299;DrkN;00:45:04.22;+55:44:23.6;Cas;4.2;;;;;;;;;;;;;;;;;;;;;;;
LDN 1300;DrkN;00:43:56.26;+61:26:24.7;Cas;5.4;;;;;;;;;;;;;;;;;;;;;;;
LDN 1301;DrkN;00:43:45.12;+62:27:24.8;Cas;2.7;;;;;;;;;;;;;;;;;;;;;;;
LDN 1302;DrkN;00:43:56.64;+61:51:24.5;Cas;4.2;;;;;;;;;;;;;;;;;;;;;;;
LDN 1303;DrkN;00:42:59.74;+65:16:25.3;Cas;50.2;;;;;;;;;;;;;;;;;;;;;;;
LDN 1304;DrkN;00:43:06.22;+69:46:25.3;Cas;120.0;;;;;;;;;;;;;;;;;;;;;;;
LDN 1305;DrkN;01:03:16.90;+67:46:05.9;Cas;98.2;;;;;;;;;;;;;;;;;;;;;;;
LDN 1306;DrkN;01:03:07.30;+62:16:05.9;Cas;199.0;;;;;;;;;;;;;;;;;;;;;;;
LDN 1307;DrkN;01:05:13.25;+65:16:03.4;Cas;90.6;;;;;;;;;;;;;;;;;;;;;;;
LDN 1308;DrkN;01:13:40.30;+72:55:53.0;Cas;75.2;;;;;;;;;;;;;;;;;;;;;;;
LDN 1309;DrkN;01:07:09.43;+62:16:00.8;Cas;39.4;;;;;;;;;;;;;;;;;;;;;;;
LDN 1310;DrkN;01:07:05.30;+59:16:01.2;Cas;63.2;;;;;;;;;;;;;;;;;;;;;;;
LDN 1311;DrkN;11:24:35.38;+84:43:31.8;Cam;77.3;;;;;;;;;;;;;;;;;;;;;;;
LDN 1312;DrkN;01:14:12.84;+62:05:51.7;Cas;20.0;;;;;;;;;;;;;;;;;;;;;;;
LDN 1313;DrkN;01:16:13.20;+61:40:49.1;Cas;11.4;;;;;;;;;;;;;;;;;;;;;;;
LDN 1314;DrkN;01:17:13.30;+61:25:47.6;Cas;5.4;;;;;;;;;;;;;;;;;;;;;;;
LDN 1315;DrkN;01:20:17.81;+63:05:43.4;Cas;31.9;;;;;;;;;;;;;;;;;;;;;;;
LDN 1316;DrkN;01:19:14.30;+61:25:44.8;Cas;12.7;;;;;;;;;;;;;;;;;;;;;;;
LDN 1317;DrkN;01:23:04.94;+61:50:39.1;Cas;2.7;;;;;;;;;;;;;;;;;;;;;;;
LDN 1319;DrkN;01:23:16.01;+61:15:38.9;Cas;27.2;;;;;;;;;;;;;;;;;;;;;;;
LDN 1320;DrkN;04:15:13.54;+85:37:52.0;Cep;40.9;;;;;;;;;;;;;;;;;;;;;;;
LDN 1321;DrkN;10:36:43.78;+84:14:29.0;Cam;79.6;;;;;;;;;;;;;;;;;;;;;;;
LDN 1322;DrkN;01:24:16.51;+61:15:37.4;Cas;3.8;;;;;;;;;;;;;;;;;;;;;;;
LDN 1323;DrkN;01:25:17.30;+61:25:35.8;Cas;9.3;;;;;;;;;;;;;;;;;;;;;;;
LDN 1324;DrkN;01:26:18.12;+61:35:34.1;Cas;11.4;;;;;;;;;;;;;;;;;;;;;;;
LDN 1325;DrkN;01:29:52.90;+63:05:28.3;Cas;3.3;;;;;;;;;;;;;;;;;;;;;;;
LDN 1326;DrkN;01:30:41.33;+63:05:27.2;Cas;3.3;;;;;;;;;;;;;;;;;;;;;;;
LDN 1327;DrkN;01:34:30.94;+65:25:20.6;Cas;13.9;;;;;;;;;;;;;;;;;;;;;;;
LDN 1328;DrkN;01:38:38.69;+67:15:13.7;Cas;74.2;;;;;;;;;;;;;;;;;;;;;;;
LDN 1329;DrkN;01:35:31.08;+65:15:19.1;Cas;11.1;;;;;;;;;;;;;;;;;;;;;;;
LDN 1330;DrkN;01:36:31.66;+65:15:17.3;Cas;8.3;;;;;;;;;;;;;;;;;;;;;;;
LDN 1331;DrkN;01:38:30.82;+64:30:13.7;Cas;15.1;;;;;;;;;;;;;;;;;;;;;;;
LDN 1332;DrkN;01:42:27.05;+62:03:06.5;Cas;5.7;;;;;;;;;;;;;;;;;;;;;;;
LDN 1333;DrkN;02:26:03.65;+75:28:31.4;Cas;5.0;;;;;;;;;;;;;;;;;;;;;;;
LDN 1334;DrkN;01:43:27.31;+61:57:04.7;Cas;6.3;;;;;;;;;;;;;;;;;;;;;;;
LDN 1335;DrkN;01:51:42.82;+66:04:48.7;Cas;47.1;;;;;;;;;;;;;;;;;;;;;;;
LDN 1336;DrkN;01:53:46.22;+66:44:44.5;Cas;70.2;;;;;;;;;;;;;;;;;;;;;;;
LDN 1337;DrkN;01:45:28.22;+61:55:00.8;Cas;6.6;;;;;;;;;;;;;;;;;;;;;;;
LDN 1338;DrkN;01:54:34.63;+62:42:42.8;Cas;3.3;;;;;;;;;;;;;;;;;;;;;;;
LDN 1339;DrkN;01:54:34.10;+62:30:42.8;Cas;3.3;;;;;;;;;;;;;;;;;;;;;;;
LDN 1340;DrkN;02:30:44.23;+72:57:19.1;Cas;1.9;;;;;;;;;;;;;;;;;;;;;;;
LDN 1341;DrkN;01:55:47.16;+62:41:40.2;Cas;2.7;;;;;;;;;;;;;;;;;;;;;;;
LDN 1343;DrkN;01:56:04.58;+62:24:39.6;Cas;8.7;;;;;;;;;;;;;;;;;;;;;;;
LDN 1345;DrkN;01:57:05.69;+62:38:37.7;Cas;7.3;;;;;;;;;;;;;;;;;;;;;;;
LDN 1346;DrkN;01:57:05.64;+62:37:37.6;Cas;7.3;;;;;;;;;;;;;;;;;;;;;;;
LDN 1347;DrkN;01:58:05.33;+62:19:35.4;Cas;12.7;;;;;;;;;;;;;;;;;;;;;;;
LDN 1348;DrkN;01:58:35.81;+62:24:34.6;Cas;12.7;;;;;;;;;;;;;;;;;;;;;;;
LDN 1349;DrkN;02:13:55.90;+66:14:00.2;Cas;65.2;;;;;;;;;;;;;;;;;;;;;;;
LDN 1350;DrkN;02:09:31.15;+60:59:10.3;Cas;3.8;;;;;;;;;;;;;;;;;;;;;;;
LDN 1351;DrkN;02:10:43.25;+60:49:07.3;Cas;3.3;;;;;;;;;;;;;;;;;;;;;;;
LDN 1352;DrkN;02:35:12.55;+67:23:06.4;Cas;7.8;;;;;;;;;;;;;;;;;;;;;;;
LDN 1353;DrkN;02:44:21.79;+68:12:41.0;Cas;95.1;;;;;;;;;;;;;;;;;;;;;;;
LDN 1354;DrkN;02:19:43.70;+61:43:45.8;Cas;7.6;;;;;;;;;;;;;;;;;;;;;;;
LDN 1355;DrkN;02:52:43.18;+69:02:17.2;Cas;5.0;;;;;;;;;;;;;;;;;;;;;;;
LDN 1356;DrkN;02:22:45.05;+61:43:38.3;Cas;16.9;;;;;;;;;;;;;;;;;;;;;;;
LDN 1357;DrkN;02:52:30.05;+68:52:17.8;Cas;3.8;;;;;;;;;;;;;;;;;;;;;;;
LDN 1358;DrkN;02:55:34.82;+69:22:08.8;Cas;4.6;;;;;;;;;;;;;;;;;;;;;;;
LDN 1359;DrkN;02:25:47.38;+62:03:30.6;Cas;14.8;;;;;;;;;;;;;;;;;;;;;;;
LDN 1360;DrkN;02:26:45.29;+61:13:28.2;Cas;6.3;;;;;;;;;;;;;;;;;;;;;;;
LDN 1361;DrkN;02:28:17.18;+61:38:24.4;Cas;6.3;;;;;;;;;;;;;;;;;;;;;;;
LDN 1362;DrkN;02:27:45.72;+61:13:25.7;Cas;3.8;;;;;;;;;;;;;;;;;;;;;;;
LDN 1363;DrkN;02:27:45.22;+61:03:25.6;Cas;6.3;;;;;;;;;;;;;;;;;;;;;;;
LDN 1364;DrkN;02:29:47.57;+61:33:20.2;Cas;7.3;;;;;;;;;;;;;;;;;;;;;;;
LDN 1365;DrkN;02:28:44.90;+60:48:23.0;Cas;18.3;;;;;;;;;;;;;;;;;;;;;;;
LDN 1366;DrkN;02:32:49.37;+61:43:12.4;Cas;27.8;;;;;;;;;;;;;;;;;;;;;;;
LDN 1367;DrkN;02:31:47.66;+61:18:15.1;Cas;7.6;;;;;;;;;;;;;;;;;;;;;;;
LDN 1368;DrkN;02:32:48.34;+61:23:12.5;Cas;4.6;;;;;;;;;;;;;;;;;;;;;;;
LDN 1369;DrkN;02:33:48.74;+61:23:09.6;Cas;6.6;;;;;;;;;;;;;;;;;;;;;;;
LDN 1370;DrkN;02:31:45.17;+60:28:14.9;Cas;11.2;;;;;;;;;;;;;;;;;;;;;;;
LDN 1371;DrkN;02:34:47.14;+60:43:07.0;Cas;27.2;;;;;;;;;;;;;;;;;;;;;;;
LDN 1372;DrkN;02:37:50.42;+61:22:58.8;Cas;9.9;;;;;;;;;;;;;;;;;;;;;;;
LDN 1373;DrkN;02:37:49.90;+61:12:58.7;Cas;207.8;;;;;;;;;;;;;;;;;;;;;;;
LDN 1374;DrkN;02:34:40.58;+58:23:07.1;Per;6.3;;;;;;;;;;;;;;;;;;;;;;;
LDN 1375;DrkN;02:44:51.65;+60:52:39.0;Cas;10.2;;;;;;;;;;;;;;;;;;;;;;;
LDN 1376;DrkN;02:43:50.21;+60:32:42.0;Cas;8.3;;;;;;;;;;;;;;;;;;;;;;;
LDN 1377;DrkN;03:15:03.38;+61:01:07.0;Cas;9.5;;;;;;;;;;;;;;;;;;;;;;;
LDN 1378;DrkN;03:14:54.89;+60:20:07.4;Cas;1.9;;;;;;;;;;;;;;;;;;;;;;;
LDN 1379;DrkN;03:15:31.15;+60:21:05.4;Cas;2.7;;;;;;;;;;;;;;;;;;;;;;;
LDN 1380;DrkN;03:15:42.50;+60:09:04.7;Cas;1.9;;;;;;;;;;;;;;;;;;;;;;;
LDN 1381;DrkN;03:16:31.01;+60:13:01.9;Cam;4.6;;;;;;;;;;;;;;;;;;;;;;;
LDN 1382;DrkN;03:17:00.65;+60:04:00.5;Cam;6.0;;;;;;;;;;;;;;;;;;;;;;;
LDN 1383;DrkN;03:18:01.10;+60:05:57.1;Cam;3.3;;;;;;;;;;;;;;;;;;;;;;;
LDN 1384;DrkN;03:20:01.46;+60:00:50.4;Cam;15.6;;;;;;;;;;;;;;;;;;;;;;;
LDN 1385;DrkN;03:21:01.08;+59:48:47.2;Cam;3.8;;;;;;;;;;;;;;;;;;;;;;;
LDN 1386;DrkN;03:22:12.98;+59:40:43.3;Cam;5.4;;;;;;;;;;;;;;;;;;;;;;;
LDN 1387;DrkN;03:56:28.25;+56:03:41.8;Cam;10.0;;;;;;;;;;;;;;;;;;;;;;;
LDN 1388;DrkN;04:03:02.16;+56:48:16.9;Cam;5.0;;;;;;;;;;;;;;;;;;;;;;;
LDN 1389;DrkN;04:04:32.81;+56:54:11.2;Cam;2.7;;;;;;;;;;;;;;;;;;;;;;;
LDN 1390;DrkN;04:08:57.98;+55:07:54.1;Cam;58.5;;;;;;;;;;;;;;;;;;;;;;;
LDN 1391;DrkN;03:57:49.92;+53:08:36.2;Cam;70.2;;;;;;;;;;;;;;;;;;;;;;;
LDN 1392;DrkN;04:13:58.94;+55:07:34.7;Cam;11.1;;;;;;;;;;;;;;;;;;;;;;;
LDN 1393;DrkN;04:12:57.70;+54:47:38.8;Cam;8.0;;;;;;;;;;;;;;;;;;;;;;;
LDN 1394;DrkN;04:17:00.02;+55:17:22.9;Cam;25.7;;;;;;;;;;;;;;;;;;;;;;;
LDN 1395;DrkN;04:13:55.85;+54:07:35.0;Cam;72.5;;;;;;;;;;;;;;;;;;;;;;;
LDN 1396;DrkN;04:21:00.22;+55:07:07.3;Cam;15.9;;;;;;;;;;;;;;;;;;;;;;;
LDN 1397;DrkN;04:20:59.42;+54:52:07.3;Cam;8.0;;;;;;;;;;;;;;;;;;;;;;;
LDN 1398;DrkN;04:18:57.77;+54:27:15.1;Cam;42.0;;;;;;;;;;;;;;;;;;;;;;;
LDN 1399;DrkN;04:24:00.74;+55:06:55.4;Cam;24.2;;;;;;;;;;;;;;;;;;;;;;;
LDN 1400;DrkN;04:25:00.36;+54:56:51.4;Cam;6.3;;;;;;;;;;;;;;;;;;;;;;;
LDN 1401;DrkN;04:28:01.73;+55:12:39.2;Cam;7.8;;;;;;;;;;;;;;;;;;;;;;;
LDN 1402;DrkN;04:23:59.14;+54:36:55.4;Cam;24.9;;;;;;;;;;;;;;;;;;;;;;;
LDN 1403;DrkN;04:28:31.78;+55:11:37.3;Cam;3.3;;;;;;;;;;;;;;;;;;;;;;;
LDN 1404;DrkN;04:30:02.28;+55:16:31.4;Cam;9.5;;;;;;;;;;;;;;;;;;;;;;;
LDN 1405;DrkN;04:34:02.93;+55:16:15.2;Cam;24.9;;;;;;;;;;;;;;;;;;;;;;;
LDN 1406;DrkN;04:38:03.98;+55:23:58.9;Cam;4.2;;;;;;;;;;;;;;;;;;;;;;;
LDN 1407;DrkN;04:29:59.06;+54:16:31.4;Cam;21.6;;;;;;;;;;;;;;;;;;;;;;;
LDN 1408;DrkN;04:32:00.17;+54:31:23.2;Cam;23.7;;;;;;;;;;;;;;;;;;;;;;;
LDN 1409;DrkN;04:36:02.11;+54:56:07.1;Cam;5.7;;;;;;;;;;;;;;;;;;;;;;;
LDN 1410;DrkN;04:36:01.85;+54:51:07.2;Cam;3.3;;;;;;;;;;;;;;;;;;;;;;;
LDN 1411;DrkN;04:36:00.50;+54:26:07.1;Cam;5.7;;;;;;;;;;;;;;;;;;;;;;;
LDN 1412;DrkN;04:37:00.65;+54:26:03.1;Cam;2.7;;;;;;;;;;;;;;;;;;;;;;;
LDN 1414;DrkN;04:33:57.10;+53:26:15.4;Cam;26.9;;;;;;;;;;;;;;;;;;;;;;;
LDN 1415;DrkN;04:42:01.37;+54:25:42.6;Cam;15.2;;;;;;;;;;;;;;;;;;;;;;;
LDN 1416;DrkN;04:40:00.02;+54:05:50.6;Cam;5.0;;;;;;;;;;;;;;;;;;;;;;;
LDN 1417;DrkN;04:40:59.62;+53:55:46.6;Cam;4.2;;;;;;;;;;;;;;;;;;;;;;;
LDN 1418;DrkN;04:33:54.60;+52:36:15.5;Per;96.7;;;;;;;;;;;;;;;;;;;;;;;
LDN 1419;DrkN;04:51:03.62;+54:45:05.4;Cam;16.9;;;;;;;;;;;;;;;;;;;;;;;
LDN 1420;DrkN;04:32:53.50;+52:16:19.6;Per;2.7;;;;;;;;;;;;;;;;;;;;;;;
LDN 1421;DrkN;04:32:52.78;+52:01:19.6;Per;5.7;;;;;;;;;;;;;;;;;;;;;;;
LDN 1422;DrkN;04:49:01.20;+54:05:13.6;Cam;63.8;;;;;;;;;;;;;;;;;;;;;;;
LDN 1423;DrkN;04:44:58.34;+53:20:30.5;Cam;1.9;;;;;;;;;;;;;;;;;;;;;;;
LDN 1424;DrkN;04:44:58.08;+53:15:30.2;Cam;4.6;;;;;;;;;;;;;;;;;;;;;;;
LDN 1425;DrkN;04:45:57.70;+53:05:26.2;Cam;18.3;;;;;;;;;;;;;;;;;;;;;;;
LDN 1426;DrkN;04:46:57.82;+53:05:22.2;Cam;8.3;;;;;;;;;;;;;;;;;;;;;;;
LDN 1427;DrkN;04:43:56.18;+52:40:34.7;Per;4.2;;;;;;;;;;;;;;;;;;;;;;;
LDN 1428;DrkN;04:43:55.94;+52:35:34.4;Per;4.2;;;;;;;;;;;;;;;;;;;;;;;
LDN 1429;DrkN;04:47:54.94;+52:05:17.9;Per;10.7;;;;;;;;;;;;;;;;;;;;;;;
LDN 1430;DrkN;04:48:55.20;+52:08:13.9;Per;5.7;;;;;;;;;;;;;;;;;;;;;;;
LDN 1431;DrkN;04:47:54.70;+52:00:18.0;Per;6.0;;;;;;;;;;;;;;;;;;;;;;;
LDN 1432;DrkN;04:51:55.39;+52:05:01.3;Aur;8.3;;;;;;;;;;;;;;;;;;;;;;;
LDN 1433;DrkN;04:50:54.79;+51:55:05.5;Per;8.3;;;;;;;;;;;;;;;;;;;;;;;
LDN 1434;DrkN;03:36:15.17;+37:39:53.6;Per;50.3;;;;;;;;;;;;;;;;;;;;;;;
LDN 1435;DrkN;04:50:53.83;+51:35:05.6;Per;22.8;;;;;;;;;;;;;;;;;;;;;;;
LDN 1436;DrkN;04:53:54.65;+51:44:53.2;Aur;33.5;;;;;;;;;;;;;;;;;;;;;;;
LDN 1437;DrkN;04:59:20.18;+52:04:30.4;Aur;3.3;;;;;;;;;;;;;;;;;;;;;;;
LDN 1438;DrkN;04:55:54.36;+51:34:44.8;Aur;24.8;;;;;;;;;;;;;;;;;;;;;;;
LDN 1439;DrkN;05:00:56.33;+52:04:23.5;Aur;6.6;;;;;;;;;;;;;;;;;;;;;;;
LDN 1440;DrkN;03:57:54.26;+41:28:35.0;Per;9.9;;;;;;;;;;;;;;;;;;;;;;;
LDN 1441;DrkN;04:00:06.70;+41:33:27.0;Per;9.9;;;;;;;;;;;;;;;;;;;;;;;
LDN 1442;DrkN;03:50:19.06;+38:59:03.1;Per;33.7;;;;;;;;;;;;;;;;;;;;;;;
LDN 1443;DrkN;04:00:23.40;+40:48:25.9;Per;77.1;;;;;;;;;;;;;;;;;;;;;;;
LDN 1444;DrkN;04:33:39.86;+46:56:16.1;Per;44.0;;;;;;;;;;;;;;;;;;;;;;;
LDN 1445;DrkN;04:32:08.93;+46:36:22.0;Per;17.4;;;;;;;;;;;;;;;;;;;;;;;
LDN 1446;DrkN;03:46:15.67;+37:09:18.0;Per;32.5;;;;;;;;;;;;;;;;;;;;;;;
LDN 1447;DrkN;04:03:23.78;+40:48:14.4;Per;48.5;;;;;;;;;;;;;;;;;;;;;;;
LDN 1448;DrkN;03:26:04.49;+30:40:28.6;Ari;13.8;;;;;;;;;;;;;;;;;;;;;;;
LDN 1449;DrkN;03:53:17.28;+37:38:52.1;Per;91.0;;;;;;;;;;;;;;;;;;;;;;;
LDN 1450;DrkN;03:29:35.71;+31:20:16.8;Per;5.7;;;;;;;;;;;;;;;;;;;;;;;
LDN 1451;DrkN;03:26:03.89;+30:10:28.6;Ari;22.4;;;;;;;;;;;;;;;;;;;;;;;
LDN 1452;DrkN;03:28:04.70;+30:40:21.7;Ari;77.3;;;;;;;;;;;;;;;;;;;;;;;
LDN 1453;DrkN;02:56:02.71;+20:17:04.9;Ari;15.4;;;;;;;;;;;;;;;;;;;;;;;
LDN 1454;DrkN;02:56:50.69;+20:12:02.5;Ari;55.6;;;;;;;;;;;;;;;;;;;;;;;
LDN 1455;DrkN;03:28:04.10;+30:10:21.7;Ari;9.5;;;;;;;;;;;;;;;;;;;;;;;
LDN 1456;DrkN;03:55:16.75;+37:08:44.9;Per;12.6;;;;;;;;;;;;;;;;;;;;;;;
LDN 1457;DrkN;02:55:50.02;+19:32:05.6;Ari;30.7;;;;;;;;;;;;;;;;;;;;;;;
LDN 1458;DrkN;02:57:50.76;+20:11:59.3;Ari;14.2;;;;;;;;;;;;;;;;;;;;;;;
LDN 1459;DrkN;04:08:22.34;+39:37:55.6;Per;187.2;;;;;;;;;;;;;;;;;;;;;;;
LDN 1460;DrkN;05:44:00.05;+52:21:18.7;Aur;25.5;;;;;;;;;;;;;;;;;;;;;;;
LDN 1461;DrkN;04:41:54.26;+44:55:42.2;Per;13.4;;;;;;;;;;;;;;;;;;;;;;;
LDN 1462;DrkN;04:00:17.04;+36:58:26.0;Per;10.4;;;;;;;;;;;;;;;;;;;;;;;
LDN 1463;DrkN;04:01:17.02;+36:53:22.2;Per;9.9;;;;;;;;;;;;;;;;;;;;;;;
LDN 1464;DrkN;04:00:40.61;+36:40:24.6;Per;3.8;;;;;;;;;;;;;;;;;;;;;;;
LDN 1465;DrkN;04:52:39.70;+45:59:57.8;Aur;16.6;;;;;;;;;;;;;;;;;;;;;;;
LDN 1466;DrkN;05:47:59.62;+52:11:01.0;Aur;21.1;;;;;;;;;;;;;;;;;;;;;;;
LDN 1467;DrkN;05:48:59.64;+52:10:56.6;Aur;10.2;;;;;;;;;;;;;;;;;;;;;;;
LDN 1468;DrkN;03:40:06.91;+31:24:40.0;Per;20.8;;;;;;;;;;;;;;;;;;;;;;;
LDN 1469;DrkN;04:03:04.82;+36:38:15.4;Per;4.6;;;;;;;;;;;;;;;;;;;;;;;
LDN 1470;DrkN;03:43:07.78;+31:49:28.9;Per;38.1;;;;;;;;;;;;;;;;;;;;;;;
LDN 1471;DrkN;03:47:57.72;+32:54:11.5;Per;18.7;;;;;;;;;;;;;;;;;;;;;;;
LDN 1472;DrkN;03:41:06.70;+31:09:36.4;Per;113.5;;;;;;;;;;;;;;;;;;;;;;;
LDN 1473;DrkN;04:11:20.11;+38:07:44.0;Per;23.1;;;;;;;;;;;;;;;;;;;;;;;
LDN 1474;DrkN;04:48:35.09;+44:05:14.6;Per;129.2;;;;;;;;;;;;;;;;;;;;;;;
LDN 1475;DrkN;05:03:38.47;+45:04:11.6;Aur;36.4;;;;;;;;;;;;;;;;;;;;;;;
LDN 1476;DrkN;05:03:37.37;+44:34:11.6;Aur;19.5;;;;;;;;;;;;;;;;;;;;;;;
LDN 1477;DrkN;05:03:36.26;+44:04:11.6;Aur;31.6;;;;;;;;;;;;;;;;;;;;;;;
LDN 1478;DrkN;04:23:19.61;+37:06:56.9;Per;126.4;;;;;;;;;;;;;;;;;;;;;;;
LDN 1479;DrkN;04:38:25.30;+39:35:56.0;Per;74.2;;;;;;;;;;;;;;;;;;;;;;;
LDN 1480;DrkN;05:05:35.30;+43:34:03.4;Aur;18.7;;;;;;;;;;;;;;;;;;;;;;;
LDN 1481;DrkN;04:39:22.99;+38:15:52.2;Per;44.6;;;;;;;;;;;;;;;;;;;;;;;
LDN 1482;DrkN;04:28:17.59;+35:36:36.7;Per;21.6;;;;;;;;;;;;;;;;;;;;;;;
LDN 1483;DrkN;04:35:19.51;+36:26:08.5;Per;27.9;;;;;;;;;;;;;;;;;;;;;;;
LDN 1484;DrkN;04:03:06.02;+29:08:15.0;Tau;40.0;;;;;;;;;;;;;;;;;;;;;;;
LDN 1485;DrkN;04:37:18.43;+35:41:00.6;Per;33.7;;;;;;;;;;;;;;;;;;;;;;;
LDN 1486;DrkN;04:08:06.43;+29:07:55.9;Tau;41.6;;;;;;;;;;;;;;;;;;;;;;;
LDN 1487;DrkN;04:39:17.35;+34:55:52.3;Aur;58.2;;;;;;;;;;;;;;;;;;;;;;;
LDN 1488;DrkN;04:53:21.26;+36:41:54.2;Aur;45.2;;;;;;;;;;;;;;;;;;;;;;;
LDN 1489;DrkN;04:04:44.69;+26:28:08.8;Tau;9.9;;;;;;;;;;;;;;;;;;;;;;;
LDN 1490;DrkN;04:52:01.42;+35:39:59.8;Aur;16.4;;;;;;;;;;;;;;;;;;;;;;;
LDN 1491;DrkN;04:04:38.45;+26:17:09.2;Tau;3.8;;;;;;;;;;;;;;;;;;;;;;;
LDN 1492;DrkN;04:49:18.29;+35:05:11.0;Aur;67.1;;;;;;;;;;;;;;;;;;;;;;;
LDN 1493;DrkN;04:54:19.56;+35:39:50.0;Aur;40.8;;;;;;;;;;;;;;;;;;;;;;;
LDN 1494;DrkN;04:54:12.79;+35:12:50.4;Aur;6.3;;;;;;;;;;;;;;;;;;;;;;;
LDN 1495;DrkN;04:18:05.11;+27:37:17.0;Tau;96.7;;;;;;;;;;;;;;;;;;;;;;;
LDN 1496;DrkN;04:43:13.15;+32:05:35.9;Aur;50.6;;;;;;;;;;;;;;;;;;;;;;;
LDN 1497;DrkN;04:27:07.06;+28:36:41.4;Tau;51.1;;;;;;;;;;;;;;;;;;;;;;;
LDN 1498;DrkN;04:11:01.22;+24:57:44.6;Tau;20.6;;;;;;;;;;;;;;;;;;;;;;;
LDN 1499;DrkN;04:10:30.98;+24:47:46.3;Tau;16.1;;;;;;;;;;;;;;;;;;;;;;;
LDN 1500;DrkN;04:33:08.59;+29:26:17.2;Tau;59.2;;;;;;;;;;;;;;;;;;;;;;;
LDN 1501;DrkN;04:15:01.68;+25:07:28.9;Tau;65.7;;;;;;;;;;;;;;;;;;;;;;;
LDN 1502;DrkN;05:03:17.40;+34:04:12.4;Aur;41.7;;;;;;;;;;;;;;;;;;;;;;;
LDN 1503;DrkN;04:40:21.74;+29:55:47.6;Tau;5.4;;;;;;;;;;;;;;;;;;;;;;;
LDN 1504;DrkN;04:41:09.79;+29:55:44.4;Tau;34.8;;;;;;;;;;;;;;;;;;;;;;;
LDN 1505;DrkN;04:48:11.90;+31:05:15.4;Aur;61.5;;;;;;;;;;;;;;;;;;;;;;;
LDN 1506;DrkN;04:20:02.18;+25:17:09.2;Tau;34.7;;;;;;;;;;;;;;;;;;;;;;;
LDN 1507;DrkN;04:43:09.65;+29:45:36.0;Tau;18.0;;;;;;;;;;;;;;;;;;;;;;;
LDN 1508;DrkN;04:41:08.59;+29:05:44.5;Tau;25.7;;;;;;;;;;;;;;;;;;;;;;;
LDN 1509;DrkN;05:34:12.19;+37:16:59.9;Aur;19.7;;;;;;;;;;;;;;;;;;;;;;;
LDN 1510;DrkN;05:16:19.22;+34:48:16.9;Aur;30.1;;;;;;;;;;;;;;;;;;;;;;;
LDN 1511;DrkN;04:20:01.54;+24:47:09.2;Tau;32.9;;;;;;;;;;;;;;;;;;;;;;;
LDN 1512;DrkN;05:03:45.36;+32:47:10.3;Aur;7.6;;;;;;;;;;;;;;;;;;;;;;;
LDN 1513;DrkN;04:52:11.74;+30:49:58.8;Aur;14.3;;;;;;;;;;;;;;;;;;;;;;;
LDN 1514;DrkN;04:42:38.66;+29:05:38.4;Tau;13.4;;;;;;;;;;;;;;;;;;;;;;;
LDN 1515;DrkN;04:53:11.93;+30:54:54.7;Aur;23.0;;;;;;;;;;;;;;;;;;;;;;;
LDN 1516;DrkN;05:23:19.90;+35:02:46.7;Aur;142.2;;;;;;;;;;;;;;;;;;;;;;;
LDN 1517;DrkN;04:55:11.52;+30:34:46.2;Aur;13.5;;;;;;;;;;;;;;;;;;;;;;;
LDN 1518;DrkN;05:39:23.86;+37:01:37.2;Aur;128.7;;;;;;;;;;;;;;;;;;;;;;;
LDN 1519;DrkN;04:55:41.54;+30:34:44.0;Aur;15.1;;;;;;;;;;;;;;;;;;;;;;;
LDN 1520;DrkN;04:44:07.80;+28:25:32.2;Tau;37.9;;;;;;;;;;;;;;;;;;;;;;;
LDN 1521;DrkN;04:33:04.01;+26:06:17.3;Tau;121.5;;;;;;;;;;;;;;;;;;;;;;;
LDN 1522;DrkN;05:07:14.38;+32:03:55.4;Aur;8.0;;;;;;;;;;;;;;;;;;;;;;;
LDN 1523;DrkN;05:06:13.80;+31:43:59.9;Aur;7.8;;;;;;;;;;;;;;;;;;;;;;;
LDN 1524;DrkN;04:28:01.78;+24:36:37.4;Tau;34.2;;;;;;;;;;;;;;;;;;;;;;;
LDN 1525;DrkN;05:41:58.66;+36:19:26.0;Aur;4.6;;;;;;;;;;;;;;;;;;;;;;;
LDN 1526;DrkN;05:28:37.18;+34:31:23.9;Aur;3.3;;;;;;;;;;;;;;;;;;;;;;;
LDN 1527;DrkN;04:39:04.54;+26:15:52.9;Tau;6.0;;;;;;;;;;;;;;;;;;;;;;;
LDN 1528;DrkN;04:37:03.77;+25:46:00.8;Tau;84.9;;;;;;;;;;;;;;;;;;;;;;;
LDN 1529;DrkN;04:32:01.75;+24:26:21.5;Tau;28.3;;;;;;;;;;;;;;;;;;;;;;;
LDN 1530;DrkN;05:23:16.56;+33:02:47.0;Aur;12.7;;;;;;;;;;;;;;;;;;;;;;;
LDN 1531;DrkN;04:32:01.61;+24:19:21.4;Tau;7.1;;;;;;;;;;;;;;;;;;;;;;;
LDN 1532;DrkN;04:40:03.91;+25:45:48.6;Tau;20.1;;;;;;;;;;;;;;;;;;;;;;;
LDN 1533;DrkN;04:36:14.59;+24:55:04.4;Tau;6.3;;;;;;;;;;;;;;;;;;;;;;;
LDN 1534;DrkN;04:40:03.67;+25:35:48.8;Tau;56.0;;;;;;;;;;;;;;;;;;;;;;;
LDN 1535;DrkN;04:35:31.22;+23:54:07.2;Tau;20.0;;;;;;;;;;;;;;;;;;;;;;;
LDN 1536;DrkN;04:33:00.07;+23:06:17.3;Tau;73.5;;;;;;;;;;;;;;;;;;;;;;;
LDN 1537;DrkN;04:51:05.33;+26:25:03.0;Tau;37.1;;;;;;;;;;;;;;;;;;;;;;;
LDN 1538;DrkN;04:46:03.29;+25:05:24.0;Tau;103.9;;;;;;;;;;;;;;;;;;;;;;;
LDN 1539;DrkN;04:56:05.76;+26:34:42.2;Tau;89.6;;;;;;;;;;;;;;;;;;;;;;;
LDN 1540;DrkN;05:01:05.38;+26:09:21.2;Tau;31.9;;;;;;;;;;;;;;;;;;;;;;;
LDN 1541;DrkN;04:44:00.12;+22:45:32.4;Tau;35.6;;;;;;;;;;;;;;;;;;;;;;;
LDN 1542;DrkN;05:01:04.56;+25:34:21.4;Tau;47.5;;;;;;;;;;;;;;;;;;;;;;;
LDN 1543;DrkN;04:27:24.60;+18:51:39.6;Tau;18.0;;;;;;;;;;;;;;;;;;;;;;;
LDN 1544;DrkN;05:04:04.20;+25:14:08.5;Tau;19.8;;;;;;;;;;;;;;;;;;;;;;;
LDN 1545;DrkN;05:15:18.65;+26:43:20.6;Tau;13.7;;;;;;;;;;;;;;;;;;;;;;;
LDN 1546;DrkN;04:28:54.17;+18:26:33.7;Tau;36.5;;;;;;;;;;;;;;;;;;;;;;;
LDN 1547;DrkN;05:16:06.19;+26:23:17.5;Tau;13.3;;;;;;;;;;;;;;;;;;;;;;;
LDN 1548;DrkN;05:16:05.95;+26:13:17.4;Tau;14.8;;;;;;;;;;;;;;;;;;;;;;;
LDN 1549;DrkN;05:17:06.00;+26:13:13.1;Tau;16.9;;;;;;;;;;;;;;;;;;;;;;;
LDN 1550;DrkN;06:00:15.74;+32:10:05.9;Aur;12.1;;;;;;;;;;;;;;;;;;;;;;;
LDN 1551;DrkN;04:31:23.86;+18:06:23.8;Tau;12.4;;;;;;;;;;;;;;;;;;;;;;;
LDN 1552;DrkN;05:17:41.76;+26:03:10.4;Tau;5.7;;;;;;;;;;;;;;;;;;;;;;;
LDN 1553;DrkN;05:19:06.05;+26:13:04.4;Tau;17.7;;;;;;;;;;;;;;;;;;;;;;;
LDN 1554;DrkN;05:20:00.07;+26:13:00.5;Tau;4.2;;;;;;;;;;;;;;;;;;;;;;;
LDN 1555;DrkN;06:01:15.22;+31:50:01.7;Aur;18.0;;;;;;;;;;;;;;;;;;;;;;;
LDN 1556;DrkN;04:37:22.68;+16:55:59.2;Tau;13.4;;;;;;;;;;;;;;;;;;;;;;;
LDN 1557;DrkN;06:06:12.29;+29:59:39.8;Aur;61.2;;;;;;;;;;;;;;;;;;;;;;;
LDN 1558;DrkN;04:45:53.14;+17:05:24.4;Tau;50.7;;;;;;;;;;;;;;;;;;;;;;;
LDN 1559;DrkN;05:26:01.80;+23:02:34.4;Tau;69.7;;;;;;;;;;;;;;;;;;;;;;;
LDN 1560;DrkN;06:13:09.22;+27:59:09.2;Aur;91.0;;;;;;;;;;;;;;;;;;;;;;;
LDN 1561;DrkN;04:50:47.57;+12:17:03.8;Ori;31.4;;;;;;;;;;;;;;;;;;;;;;;
LDN 1562;DrkN;05:01:49.90;+14:04:17.8;Ori;23.4;;;;;;;;;;;;;;;;;;;;;;;
LDN 1563;DrkN;05:01:49.58;+13:49:17.8;Ori;13.7;;;;;;;;;;;;;;;;;;;;;;;
LDN 1564;DrkN;06:18:02.35;+23:13:48.0;Gem;10.9;;;;;;;;;;;;;;;;;;;;;;;
LDN 1565;DrkN;06:21:02.45;+23:18:34.9;Gem;30.1;;;;;;;;;;;;;;;;;;;;;;;
LDN 1566;DrkN;06:21:02.21;+23:08:34.8;Gem;0.0;;;;;;;;;;;;;;;;;;;;;;;
LDN 1567;DrkN;06:22:32.42;+23:18:28.1;Gem;0.0;;;;;;;;;;;;;;;;;;;;;;;
LDN 1568;DrkN;06:23:01.97;+22:58:26.0;Gem;0.0;;;;;;;;;;;;;;;;;;;;;;;
LDN 1569;DrkN;04:01:04.32;+00:38:21.8;Tau;47.7;;;;;;;;;;;;;;;;;;;;;;;
LDN 1570;DrkN;06:06:57.17;+19:19:36.1;Ori;8.5;;;;;;;;;;;;;;;;;;;;;;;
LDN 1571;DrkN;05:10:45.86;+10:33:39.6;Ori;27.7;;;;;;;;;;;;;;;;;;;;;;;
LDN 1572;DrkN;05:10:45.86;+10:33:39.6;Ori;16.9;;;;;;;;;;;;;;;;;;;;;;;
LDN 1573;DrkN;05:30:49.66;+13:32:13.2;Ori;61.2;;;;;;;;;;;;;;;;;;;;;;;
LDN 1574;DrkN;06:07:44.09;+18:29:32.6;Ori;8.9;;;;;;;;;;;;;;;;;;;;;;;
LDN 1576;DrkN;06:08:19.66;+18:09:29.9;Ori;13.3;;;;;;;;;;;;;;;;;;;;;;;
LDN 1577;DrkN;05:29:48.43;+12:32:17.9;Ori;38.5;;;;;;;;;;;;;;;;;;;;;;;
LDN 1578;DrkN;06:08:25.44;+17:59:29.4;Ori;13.3;;;;;;;;;;;;;;;;;;;;;;;
LDN 1579;DrkN;05:39:50.04;+13:46:34.3;Ori;33.8;;;;;;;;;;;;;;;;;;;;;;;
LDN 1580;DrkN;05:33:48.86;+12:52:00.5;Ori;28.3;;;;;;;;;;;;;;;;;;;;;;;
LDN 1581;DrkN;05:29:24.02;+12:12:19.4;Ori;1.9;;;;;;;;;;;;;;;;;;;;;;;
LDN 1582;DrkN;05:31:48.46;+12:32:08.9;Ori;6.3;;;;;;;;;;;;;;;;;;;;;;;
LDN 1583;DrkN;05:28:47.83;+12:02:22.2;Ori;14.3;;;;;;;;;;;;;;;;;;;;;;;
LDN 1584;DrkN;05:31:36.14;+12:17:10.0;Ori;7.1;;;;;;;;;;;;;;;;;;;;;;;
LDN 1585;DrkN;05:40:49.54;+13:21:29.9;Ori;14.6;;;;;;;;;;;;;;;;;;;;;;;
LDN 1586;DrkN;06:05:52.90;+15:59:40.6;Ori;162.2;;;;;;;;;;;;;;;;;;;;;;;
LDN 1587;DrkN;06:07:52.90;+15:59:31.9;Ori;162.2;;;;;;;;;;;;;;;;;;;;;;;
LDN 1588;DrkN;05:20:43.42;+08:22:56.6;Ori;23.9;;;;;;;;;;;;;;;;;;;;;;;
LDN 1589;DrkN;05:18:18.22;+07:23:07.1;Ori;9.9;;;;;;;;;;;;;;;;;;;;;;;
LDN 1590;DrkN;05:20:42.24;+07:22:56.6;Ori;55.3;;;;;;;;;;;;;;;;;;;;;;;
LDN 1591;DrkN;06:09:49.97;+13:39:23.4;Ori;15.6;;;;;;;;;;;;;;;;;;;;;;;
LDN 1594;DrkN;05:44:44.30;+09:01:12.7;Ori;14.6;;;;;;;;;;;;;;;;;;;;;;;
LDN 1595;DrkN;05:27:41.30;+06:32:26.5;Ori;62.1;;;;;;;;;;;;;;;;;;;;;;;
LDN 1596;DrkN;05:45:44.30;+09:01:08.4;Ori;12.1;;;;;;;;;;;;;;;;;;;;;;;
LDN 1597;DrkN;05:50:13.92;+08:40:48.7;Ori;10.7;;;;;;;;;;;;;;;;;;;;;;;
LDN 1598;DrkN;05:52:25.54;+08:20:39.1;Ori;16.1;;;;;;;;;;;;;;;;;;;;;;;
LDN 1599;DrkN;05:49:42.53;+07:30:50.8;Ori;25.5;;;;;;;;;;;;;;;;;;;;;;;
LDN 1600;DrkN;06:30:49.01;+12:57:51.8;Gem;37.8;;;;;;;;;;;;;;;;;;;;;;;
LDN 1601;DrkN;06:29:48.31;+12:22:56.3;Gem;15.4;;;;;;;;;;;;;;;;;;;;;;;
LDN 1602;DrkN;05:44:40.75;+06:01:12.7;Ori;36.9;;;;;;;;;;;;;;;;;;;;;;;
LDN 1604;DrkN;06:28:47.42;+11:38:00.6;Mon;5.4;;;;;;;;;;;;;;;;;;;;;;;
LDN 1605;DrkN;06:32:46.18;+10:37:43.3;Mon;67.1;;;;;;;;;;;;;;;;;;;;;;;
LDN 1606;DrkN;06:29:45.72;+10:12:56.2;Mon;12.4;;;;;;;;;;;;;;;;;;;;;;;
LDN 1607;DrkN;06:30:45.79;+10:17:52.1;Mon;7.3;;;;;;;;;;;;;;;;;;;;;;;
LDN 1608;DrkN;06:36:46.34;+10:47:25.8;Mon;12.7;;;;;;;;;;;;;;;;;;;;;;;
LDN 1609;DrkN;06:36:15.96;+10:27:28.1;Mon;7.6;;;;;;;;;;;;;;;;;;;;;;;
LDN 1610;DrkN;06:37:57.94;+10:27:20.9;Mon;8.3;;;;;;;;;;;;;;;;;;;;;;;
LDN 1611;DrkN;06:00:39.60;+05:00:02.9;Ori;29.0;;;;;;;;;;;;;;;;;;;;;;;
LDN 1612;DrkN;06:02:39.19;+04:39:54.4;Ori;16.9;;;;;;;;;;;;;;;;;;;;;;;
LDN 1613;DrkN;06:40:44.74;+09:27:08.6;Mon;0.0;;;;;;;;;;;;;;;;;;;;;;;
LDN 1614;DrkN;05:35:33.00;-00:38:07.8;Ori;3.8;;;;;;;;;;;;;;;;;;;;;;;
LDN 1615;DrkN;05:05:29.81;-03:25:58.4;Ori;17.4;;;;;;;;;;;;;;;;;;;;;;;
LDN 1616;DrkN;05:06:29.81;-03:26:02.8;Ori;7.6;;;;;;;;;;;;;;;;;;;;;;;
LDN 1617;DrkN;05:54:37.25;+03:00:29.2;Ori;167.0;;;;;;;;;;;;;;;;;;;;;;;
LDN 1618;DrkN;06:05:38.81;+04:19:41.2;Ori;24.9;;;;;;;;;;;;;;;;;;;;;;;
LDN 1619;DrkN;06:04:38.62;+04:09:45.4;Ori;11.7;;;;;;;;;;;;;;;;;;;;;;;
LDN 1620;DrkN;05:36:33.58;-00:08:12.1;Ori;6.6;;;;;;;;;;;;;;;;;;;;;;;
LDN 1621;DrkN;05:55:00.48;+02:20:27.6;Ori;9.9;;;;;;;;;;;;;;;;;;;;;;;
LDN 1622;DrkN;05:54:36.07;+02:00:29.2;Ori;21.0;;;;;;;;;;;;;;;;;;;;;;;
LDN 1623;DrkN;06:07:37.82;+03:29:32.3;Ori;21.7;;;;;;;;;;;;;;;;;;;;;;;
LDN 1624;DrkN;05:57:36.07;+02:00:16.2;Ori;0.0;;;;;;;;;;;;;;;;;;;;;;;
LDN 1625;DrkN;06:27:40.70;+05:58:05.2;Mon;264.3;;;;;;;;;;;;;;;;;;;;;;;
LDN 1626;DrkN;06:44:42.94;+07:56:51.7;Mon;64.9;;;;;;;;;;;;;;;;;;;;;;;
LDN 1627;DrkN;05:46:33.77;+00:01:04.4;Ori;15.1;;;;;;;;;;;;;;;;;;;;;;;
LDN 1628;DrkN;06:12:37.22;+02:59:10.7;Ori;110.0;;;;;;;;;;;;;;;;;;;;;;;
LDN 1629;DrkN;06:09:36.65;+02:29:23.6;Ori;65.2;;;;;;;;;;;;;;;;;;;;;;;
LDN 1630;DrkN;05:45:32.59;-00:58:51.2;Ori;146.7;;;;;;;;;;;;;;;;;;;;;;;
LDN 1631;DrkN;06:44:11.09;+06:21:53.6;Mon;9.1;;;;;;;;;;;;;;;;;;;;;;;
LDN 1632;DrkN;05:59:34.32;+00:30:07.6;Ori;92.0;;;;;;;;;;;;;;;;;;;;;;;
LDN 1633;DrkN;06:24:37.80;+03:28:18.1;Mon;19.5;;;;;;;;;;;;;;;;;;;;;;;
LDN 1634;DrkN;05:18:27.07;-05:46:54.1;Ori;42.1;;;;;;;;;;;;;;;;;;;;;;;
LDN 1635;DrkN;05:41:06.07;-03:08:31.9;Ori;5.4;;;;;;;;;;;;;;;;;;;;;;;
LDN 1636;DrkN;05:41:24.05;-03:09:33.1;Ori;3.3;;;;;;;;;;;;;;;;;;;;;;;
LDN 1637;DrkN;06:43:38.30;+03:56:56.0;Mon;58.9;;;;;;;;;;;;;;;;;;;;;;;
LDN 1638;DrkN;05:57:30.84;-02:29:43.4;Ori;92.8;;;;;;;;;;;;;;;;;;;;;;;
LDN 1639;DrkN;06:51:38.83;+04:26:21.8;Mon;59.1;;;;;;;;;;;;;;;;;;;;;;;
LDN 1640;DrkN;05:33:27.00;-05:47:58.9;Ori;8.0;;;;;;;;;;;;;;;;;;;;;;;
LDN 1641;DrkN;05:37:25.61;-06:58:16.3;Ori;150.2;;;;;;;;;;;;;;;;;;;;;;;
LDN 1642;DrkN;04:35:17.93;-14:13:53.4;Eri;36.6;;;;;;;;;;;;;;;;;;;;;;;
LDN 1643;DrkN;06:06:28.30;-04:40:22.8;Mon;55.2;;;;;;;;;;;;;;;;;;;;;;;
LDN 1644;DrkN;06:07:39.31;-05:30:28.1;Mon;5.0;;;;;;;;;;;;;;;;;;;;;;;
LDN 1645;DrkN;06:06:57.12;-05:40:25.0;Mon;13.7;;;;;;;;;;;;;;;;;;;;;;;
LDN 1646;DrkN;06:07:26.71;-06:00:27.0;Mon;106.3;;;;;;;;;;;;;;;;;;;;;;;
LDN 1647;DrkN;05:42:22.01;-09:58:37.9;Ori;123.4;;;;;;;;;;;;;;;;;;;;;;;
LDN 1648;DrkN;05:52:22.99;-09:09:21.6;Ori;81.6;;;;;;;;;;;;;;;;;;;;;;;
LDN 1649;DrkN;06:58:05.30;-03:57:06.1;Mon;4.2;;;;;;;;;;;;;;;;;;;;;;;
LDN 1650;DrkN;06:59:28.25;-04:54:11.9;Mon;7.6;;;;;;;;;;;;;;;;;;;;;;;
LDN 1651;DrkN;06:22:22.20;-09:51:32.4;Mon;30.3;;;;;;;;;;;;;;;;;;;;;;;
LDN 1652;DrkN;06:26:22.01;-10:01:49.8;Mon;64.6;;;;;;;;;;;;;;;;;;;;;;;
LDN 1653;DrkN;06:57:48.74;-07:56:04.9;Mon;6.6;;;;;;;;;;;;;;;;;;;;;;;
LDN 1654;DrkN;06:59:25.01;-07:44:11.8;Mon;13.4;;;;;;;;;;;;;;;;;;;;;;;
LDN 1655;DrkN;06:56:36.41;-08:13:59.9;Mon;7.1;;;;;;;;;;;;;;;;;;;;;;;
LDN 1656;DrkN;06:56:30.22;-08:23:59.3;Mon;16.6;;;;;;;;;;;;;;;;;;;;;;;
LDN 1657;DrkN;07:04:21.98;-10:24:32.8;Mon;62.4;;;;;;;;;;;;;;;;;;;;;;;
LDN 1658;DrkN;07:14:21.36;-11:05:14.6;Mon;0.0;;;;;;;;;;;;;;;;;;;;;;;
LDN 1659;DrkN;07:17:36.58;-23:20:28.7;CMa;12.7;;;;;;;;;;;;;;;;;;;;;;;
LDN 1660;DrkN;07:20:05.90;-23:55:38.6;CMa;13.0;;;;;;;;;;;;;;;;;;;;;;;
LDN 1661;DrkN;07:22:05.78;-24:05:47.0;CMa;36.7;;;;;;;;;;;;;;;;;;;;;;;
LDN 1662;DrkN;07:28:06.70;-23:36:11.5;Pup;21.5;;;;;;;;;;;;;;;;;;;;;;;
LDN 1663;DrkN;07:32:07.54;-23:06:27.7;Pup;39.3;;;;;;;;;;;;;;;;;;;;;;;
LDN 1664;DrkN;07:24:05.21;-24:35:55.3;CMa;23.5;;;;;;;;;;;;;;;;;;;;;;;
LDN 1665;DrkN;07:35:07.03;-23:36:40.0;Pup;25.5;;;;;;;;;;;;;;;;;;;;;;;
LDN 1666;DrkN;07:36:06.46;-24:06:43.9;Pup;9.9;;;;;;;;;;;;;;;;;;;;;;;
LDN 1667;DrkN;07:25:03.70;-25:45:59.4;CMa;38.8;;;;;;;;;;;;;;;;;;;;;;;
LDN 1668;DrkN;07:36:59.50;-24:53:47.4;Pup;8.5;;;;;;;;;;;;;;;;;;;;;;;
LDN 1669;DrkN;07:56:00.53;-29:38:02.0;Pup;46.2;;;;;;;;;;;;;;;;;;;;;;;
LDN 1670;DrkN;08:04:28.51;-31:38:34.1;Pup;11.7;;;;;;;;;;;;;;;;;;;;;;;
LDN 1671;DrkN;08:05:57.96;-32:08:39.8;Pup;22.6;;;;;;;;;;;;;;;;;;;;;;;
LDN 1672;DrkN;16:21:06.02;-28:07:05.2;Sco;51.6;;;;;;;;;;;;;;;;;;;;;;;
LDN 1673;DrkN;16:30:08.45;-29:26:29.4;Sco;16.6;;;;;;;;;;;;;;;;;;;;;;;
LDN 1674;DrkN;16:29:49.51;-28:46:30.7;Sco;5.7;;;;;;;;;;;;;;;;;;;;;;;
LDN 1675;DrkN;16:18:03.19;-26:07:17.4;Sco;62.9;;;;;;;;;;;;;;;;;;;;;;;
LDN 1676;DrkN;16:21:03.36;-26:07:05.5;Sco;101.5;;;;;;;;;;;;;;;;;;;;;;;
LDN 1677;DrkN;16:53:13.75;-32:04:54.5;Sco;191.2;;;;;;;;;;;;;;;;;;;;;;;
LDN 1678;DrkN;16:16:01.15;-24:37:25.3;Sco;22.3;;;;;;;;;;;;;;;;;;;;;;;
LDN 1679;DrkN;17:02:45.55;-32:54:14.8;Sco;6.3;;;;;;;;;;;;;;;;;;;;;;;
LDN 1680;DrkN;16:21:00.79;-24:07:05.5;Sco;101.5;;;;;;;;;;;;;;;;;;;;;;;
LDN 1681;DrkN;16:27:01.97;-24:46:41.5;Oph;27.2;;;;;;;;;;;;;;;;;;;;;;;
LDN 1682;DrkN;17:08:14.52;-32:05:51.4;Sco;9.1;;;;;;;;;;;;;;;;;;;;;;;
LDN 1683;DrkN;16:29:02.52;-25:06:33.5;Sco;93.5;;;;;;;;;;;;;;;;;;;;;;;
LDN 1684;DrkN;16:31:03.05;-25:26:25.4;Sco;17.4;;;;;;;;;;;;;;;;;;;;;;;
LDN 1685;DrkN;17:09:14.64;-32:08:47.0;Sco;3.8;;;;;;;;;;;;;;;;;;;;;;;
LDN 1686;DrkN;16:25:49.32;-24:19:46.6;Oph;7.6;;;;;;;;;;;;;;;;;;;;;;;
LDN 1687;DrkN;16:23:00.26;-23:36:57.6;Sco;106.8;;;;;;;;;;;;;;;;;;;;;;;
LDN 1688;DrkN;16:26:01.06;-24:06:45.7;Oph;52.3;;;;;;;;;;;;;;;;;;;;;;;
LDN 1689;DrkN;16:32:02.64;-25:05:21.5;Sco;5.0;;;;;;;;;;;;;;;;;;;;;;;
LDN 1690;DrkN;16:26:49.01;-24:02:42.4;Oph;8.5;;;;;;;;;;;;;;;;;;;;;;;
LDN 1691;DrkN;17:15:15.53;-32:33:21.2;Sco;59.6;;;;;;;;;;;;;;;;;;;;;;;
LDN 1692;DrkN;16:26:30.86;-23:56:43.4;Oph;5.0;;;;;;;;;;;;;;;;;;;;;;;
LDN 1693;DrkN;17:13:14.93;-32:13:30.0;Sco;7.1;;;;;;;;;;;;;;;;;;;;;;;
LDN 1694;DrkN;17:10:14.02;-31:43:43.0;Sco;43.6;;;;;;;;;;;;;;;;;;;;;;;
LDN 1695;DrkN;17:03:11.93;-30:34:12.7;Sco;44.1;;;;;;;;;;;;;;;;;;;;;;;
LDN 1696;DrkN;16:28:49.49;-24:19:34.3;Oph;11.4;;;;;;;;;;;;;;;;;;;;;;;
LDN 1697;DrkN;17:13:14.78;-32:08:30.1;Sco;9.9;;;;;;;;;;;;;;;;;;;;;;;
LDN 1698;DrkN;17:15:15.00;-32:13:21.4;Sco;11.7;;;;;;;;;;;;;;;;;;;;;;;
LDN 1699;DrkN;17:15:32.95;-32:11:20.0;Sco;11.1;;;;;;;;;;;;;;;;;;;;;;;
LDN 1700;DrkN;17:12:13.82;-31:33:34.2;Sco;43.9;;;;;;;;;;;;;;;;;;;;;;;
LDN 1701;DrkN;17:16:14.83;-32:06:17.3;Sco;4.6;;;;;;;;;;;;;;;;;;;;;;;
LDN 1702;DrkN;17:16:14.38;-31:48:17.3;Sco;14.6;;;;;;;;;;;;;;;;;;;;;;;
LDN 1703;DrkN;17:18:44.93;-32:06:06.5;Sco;5.4;;;;;;;;;;;;;;;;;;;;;;;
LDN 1704;DrkN;16:30:48.86;-23:46:26.4;Oph;6.0;;;;;;;;;;;;;;;;;;;;;;;
LDN 1705;DrkN;17:20:15.02;-32:07:59.9;Sco;11.1;;;;;;;;;;;;;;;;;;;;;;;
LDN 1706;DrkN;17:12:12.79;-30:53:34.4;Sco;58.5;;;;;;;;;;;;;;;;;;;;;;;
LDN 1707;DrkN;17:13:12.96;-30:58:30.0;Sco;10.2;;;;;;;;;;;;;;;;;;;;;;;
LDN 1708;DrkN;17:10:11.95;-30:23:43.1;Sco;13.0;;;;;;;;;;;;;;;;;;;;;;;
LDN 1709;DrkN;16:33:00.98;-23:46:17.4;Oph;18.9;;;;;;;;;;;;;;;;;;;;;;;
LDN 1710;DrkN;17:20:44.76;-31:56:57.8;Sco;19.5;;;;;;;;;;;;;;;;;;;;;;;
LDN 1711;DrkN;17:11:11.74;-30:13:38.6;Sco;12.4;;;;;;;;;;;;;;;;;;;;;;;
LDN 1712;DrkN;16:38:02.09;-24:25:57.0;Oph;74.9;;;;;;;;;;;;;;;;;;;;;;;
LDN 1713;DrkN;17:11:11.69;-30:11:38.8;Sco;5.0;;;;;;;;;;;;;;;;;;;;;;;
LDN 1714;DrkN;17:12:11.90;-30:18:34.2;Sco;4.6;;;;;;;;;;;;;;;;;;;;;;;
LDN 1715;DrkN;17:12:11.76;-30:13:34.3;Sco;3.3;;;;;;;;;;;;;;;;;;;;;;;
LDN 1716;DrkN;17:10:10.94;-29:43:43.0;Oph;30.1;;;;;;;;;;;;;;;;;;;;;;;
LDN 1717;DrkN;16:18:55.78;-20:07:13.4;Sco;35.8;;;;;;;;;;;;;;;;;;;;;;;
LDN 1718;DrkN;17:15:11.90;-30:14:21.5;Sco;4.2;;;;;;;;;;;;;;;;;;;;;;;
LDN 1719;DrkN;16:19:55.82;-20:07:09.5;Sco;46.9;;;;;;;;;;;;;;;;;;;;;;;
LDN 1720;DrkN;17:16:11.90;-30:13:17.4;Sco;18.3;;;;;;;;;;;;;;;;;;;;;;;
LDN 1721;DrkN;16:15:54.46;-19:07:25.3;Sco;32.1;;;;;;;;;;;;;;;;;;;;;;;
LDN 1722;DrkN;17:16:11.64;-30:03:17.3;Oph;167.4;;;;;;;;;;;;;;;;;;;;;;;
LDN 1723;DrkN;17:31:15.48;-32:12:12.6;Sco;4.2;;;;;;;;;;;;;;;;;;;;;;;
LDN 1724;DrkN;17:31:45.50;-32:13:10.2;Sco;2.7;;;;;;;;;;;;;;;;;;;;;;;
LDN 1725;DrkN;17:19:12.26;-30:23:04.2;Sco;10.7;;;;;;;;;;;;;;;;;;;;;;;
LDN 1726;DrkN;17:12:10.25;-29:13:34.3;Oph;18.3;;;;;;;;;;;;;;;;;;;;;;;
LDN 1727;DrkN;17:12:10.25;-29:13:34.3;Oph;2.7;;;;;;;;;;;;;;;;;;;;;;;
LDN 1728;DrkN;17:11:09.94;-29:01:38.6;Oph;8.5;;;;;;;;;;;;;;;;;;;;;;;
LDN 1729;DrkN;16:43:01.87;-24:05:36.6;Oph;56.9;;;;;;;;;;;;;;;;;;;;;;;
LDN 1730;DrkN;17:33:15.50;-32:12:03.6;Sco;77.8;;;;;;;;;;;;;;;;;;;;;;;
LDN 1731;DrkN;17:06:08.33;-28:04:00.1;Oph;68.9;;;;;;;;;;;;;;;;;;;;;;;
LDN 1732;DrkN;17:29:14.35;-31:32:21.1;Sco;57.3;;;;;;;;;;;;;;;;;;;;;;;
LDN 1733;DrkN;17:12:27.94;-29:00:33.1;Oph;8.0;;;;;;;;;;;;;;;;;;;;;;;
LDN 1734;DrkN;17:32:26.95;-31:52:07.3;Sco;4.6;;;;;;;;;;;;;;;;;;;;;;;
LDN 1735;DrkN;17:32:08.71;-31:43:08.4;Sco;2.7;;;;;;;;;;;;;;;;;;;;;;;
LDN 1736;DrkN;17:10:08.95;-28:23:43.1;Oph;11.7;;;;;;;;;;;;;;;;;;;;;;;
LDN 1737;DrkN;17:11:09.12;-28:28:38.6;Oph;26.3;;;;;;;;;;;;;;;;;;;;;;;
LDN 1738;DrkN;17:32:56.74;-31:43:05.2;Sco;3.3;;;;;;;;;;;;;;;;;;;;;;;
LDN 1739;DrkN;16:34:58.85;-22:01:09.5;Oph;18.3;;;;;;;;;;;;;;;;;;;;;;;
LDN 1740;DrkN;16:36:11.14;-22:13:04.4;Oph;17.4;;;;;;;;;;;;;;;;;;;;;;;
LDN 1741;DrkN;17:22:11.83;-30:02:51.4;Oph;251.4;;;;;;;;;;;;;;;;;;;;;;;
LDN 1742;DrkN;17:12:09.02;-28:23:34.4;Oph;11.1;;;;;;;;;;;;;;;;;;;;;;;
LDN 1743;DrkN;17:12:08.52;-28:03:34.6;Oph;42.8;;;;;;;;;;;;;;;;;;;;;;;
LDN 1744;DrkN;16:39:59.35;-22:15:49.0;Oph;18.9;;;;;;;;;;;;;;;;;;;;;;;
LDN 1745;DrkN;16:49:01.90;-23:55:11.6;Oph;30.3;;;;;;;;;;;;;;;;;;;;;;;
LDN 1746;DrkN;17:11:07.54;-27:23:38.8;Oph;33.2;;;;;;;;;;;;;;;;;;;;;;;
LDN 1747;DrkN;16:51:01.87;-23:50:03.5;Oph;31.7;;;;;;;;;;;;;;;;;;;;;;;
LDN 1748;DrkN;16:49:01.22;-23:25:11.6;Oph;22.3;;;;;;;;;;;;;;;;;;;;;;;
LDN 1749;DrkN;17:23:10.34;-29:02:47.0;Oph;20.5;;;;;;;;;;;;;;;;;;;;;;;
LDN 1750;DrkN;16:52:02.02;-23:54:59.0;Oph;31.7;;;;;;;;;;;;;;;;;;;;;;;
LDN 1751;DrkN;17:31:12.05;-30:02:12.5;Oph;66.5;;;;;;;;;;;;;;;;;;;;;;;
LDN 1752;DrkN;16:29:55.66;-19:36:29.9;Oph;80.0;;;;;;;;;;;;;;;;;;;;;;;
LDN 1753;DrkN;17:54:17.16;-33:00:32.0;Sco;67.6;;;;;;;;;;;;;;;;;;;;;;;
LDN 1754;DrkN;17:32:12.07;-30:02:08.2;Oph;34.0;;;;;;;;;;;;;;;;;;;;;;;
LDN 1755;DrkN;16:43:59.09;-21:55:32.5;Oph;48.7;;;;;;;;;;;;;;;;;;;;;;;
LDN 1756;DrkN;17:16:07.68;-27:23:17.5;Oph;32.0;;;;;;;;;;;;;;;;;;;;;;;
LDN 1757;DrkN;16:31:55.73;-19:36:21.6;Oph;14.8;;;;;;;;;;;;;;;;;;;;;;;
LDN 1758;DrkN;17:55:16.61;-32:40:27.8;Sco;6.0;;;;;;;;;;;;;;;;;;;;;;;
LDN 1759;DrkN;16:52:06.91;-23:04:58.8;Oph;9.9;;;;;;;;;;;;;;;;;;;;;;;
LDN 1760;DrkN;18:00:17.18;-33:00:06.1;Sgr;13.9;;;;;;;;;;;;;;;;;;;;;;;
LDN 1761;DrkN;16:56:01.70;-23:34:42.6;Oph;38.0;;;;;;;;;;;;;;;;;;;;;;;
LDN 1762;DrkN;18:02:17.45;-33:09:57.2;Sgr;9.1;;;;;;;;;;;;;;;;;;;;;;;
LDN 1763;DrkN;16:56:01.49;-23:24:42.5;Oph;38.0;;;;;;;;;;;;;;;;;;;;;;;
LDN 1764;DrkN;17:28:09.72;-28:32:25.8;Oph;88.2;;;;;;;;;;;;;;;;;;;;;;;
LDN 1765;DrkN;16:44:58.30;-21:15:28.4;Oph;16.9;;;;;;;;;;;;;;;;;;;;;;;
LDN 1766;DrkN;17:58:16.08;-32:20:14.6;Sgr;18.0;;;;;;;;;;;;;;;;;;;;;;;
LDN 1767;DrkN;17:18:36.84;-26:45:06.8;Oph;5.0;;;;;;;;;;;;;;;;;;;;;;;
LDN 1768;DrkN;17:20:07.06;-26:52:00.1;Oph;6.8;;;;;;;;;;;;;;;;;;;;;;;
LDN 1769;DrkN;17:42:12.24;-30:01:24.6;Oph;212.1;;;;;;;;;;;;;;;;;;;;;;;
LDN 1770;DrkN;16:32:54.55;-18:36:17.6;Oph;54.1;;;;;;;;;;;;;;;;;;;;;;;
LDN 1771;DrkN;18:04:16.63;-32:39:48.6;Sgr;20.3;;;;;;;;;;;;;;;;;;;;;;;
LDN 1772;DrkN;17:19:48.70;-26:38:01.7;Oph;7.6;;;;;;;;;;;;;;;;;;;;;;;
LDN 1773;DrkN;17:21:06.98;-26:47:56.0;Oph;11.4;;;;;;;;;;;;;;;;;;;;;;;
LDN 1774;DrkN;17:22:37.32;-27:00:49.3;Oph;10.2;;;;;;;;;;;;;;;;;;;;;;;
LDN 1775;DrkN;16:57:00.74;-22:49:38.3;Oph;5.4;;;;;;;;;;;;;;;;;;;;;;;
LDN 1776;DrkN;17:33:09.82;-28:32:03.8;Oph;93.9;;;;;;;;;;;;;;;;;;;;;;;
LDN 1777;DrkN;16:57:00.65;-22:44:38.4;Oph;13.4;;;;;;;;;;;;;;;;;;;;;;;
LDN 1778;DrkN;15:39:52.56;-07:09:40.0;Lib;17.6;;;;;;;;;;;;;;;;;;;;;;;
LDN 1779;DrkN;16:59:00.94;-22:54:29.9;Oph;18.0;;;;;;;;;;;;;;;;;;;;;;;
LDN 1780;DrkN;15:40:40.56;-07:09:37.1;Lib;26.6;;;;;;;;;;;;;;;;;;;;;;;
LDN 1781;DrkN;16:27:52.61;-17:06:37.8;Oph;65.5;;;;;;;;;;;;;;;;;;;;;;;
LDN 1782;DrkN;16:41:56.30;-19:45:40.7;Oph;13.0;;;;;;;;;;;;;;;;;;;;;;;
LDN 1783;DrkN;17:58:14.74;-31:30:14.8;Sgr;16.9;;;;;;;;;;;;;;;;;;;;;;;
LDN 1784;DrkN;16:59:48.96;-22:54:26.6;Oph;9.9;;;;;;;;;;;;;;;;;;;;;;;
LDN 1785;DrkN;17:00:00.96;-22:54:25.6;Oph;9.9;;;;;;;;;;;;;;;;;;;;;;;
LDN 1786;DrkN;18:06:40.15;-32:22:37.9;Sgr;6.3;;;;;;;;;;;;;;;;;;;;;;;
LDN 1787;DrkN;17:00:00.74;-22:44:25.8;Oph;18.0;;;;;;;;;;;;;;;;;;;;;;;
LDN 1788;DrkN;17:53:13.39;-30:40:36.8;Sco;17.4;;;;;;;;;;;;;;;;;;;;;;;
LDN 1789;DrkN;18:08:16.32;-32:29:30.8;Sgr;52.5;;;;;;;;;;;;;;;;;;;;;;;
LDN 1790;DrkN;17:11:03.55;-24:33:38.9;Oph;62.4;;;;;;;;;;;;;;;;;;;;;;;
LDN 1791;DrkN;16:59:36.53;-22:35:27.2;Oph;7.8;;;;;;;;;;;;;;;;;;;;;;;
LDN 1793;DrkN;17:25:36.72;-26:32:36.6;Oph;62.4;;;;;;;;;;;;;;;;;;;;;;;
LDN 1794;DrkN;17:26:24.89;-26:38:33.0;Oph;4.6;;;;;;;;;;;;;;;;;;;;;;;
LDN 1795;DrkN;17:54:43.13;-30:30:30.2;Sco;17.4;;;;;;;;;;;;;;;;;;;;;;;
LDN 1796;DrkN;16:41:55.49;-19:05:40.9;Oph;35.2;;;;;;;;;;;;;;;;;;;;;;;
LDN 1797;DrkN;17:02:00.58;-22:34:17.4;Oph;23.2;;;;;;;;;;;;;;;;;;;;;;;
LDN 1798;DrkN;18:04:14.74;-31:29:48.5;Sgr;8.0;;;;;;;;;;;;;;;;;;;;;;;
LDN 1799;DrkN;16:46:56.35;-19:40:20.3;Oph;7.8;;;;;;;;;;;;;;;;;;;;;;;
LDN 1800;DrkN;17:01:30.12;-22:14:19.3;Oph;7.3;;;;;;;;;;;;;;;;;;;;;;;
LDN 1801;DrkN;17:50:11.54;-29:30:49.7;Sgr;99.9;;;;;;;;;;;;;;;;;;;;;;;
LDN 1802;DrkN;17:02:18.12;-22:13:16.0;Oph;7.6;;;;;;;;;;;;;;;;;;;;;;;
